timestamp_idx,cell,user_count,load,throughput,latency,packet_loss,signal_strength,traffic_volume,congestion_status
1,cell_a,3,13.5,35.68,24.6,0.66,-52.8,37.51,Normal
2,cell_b,1,14.7,41.92,36.4,0.63,-53.1,35.44,Normal
3,cell_a,1,29.8,43.31,25.0,0.32,-52.6,35.93,Normal
4,cell_a,5,39.2,24.82,70.2,1.17,-65.2,32.16,Moderate
5,cell_a,2,28.7,35.19,43.2,0.71,-64.5,35.38,Normal
6,cell_b,2,23.1,44.38,36.8,0.11,-58.0,53.04,Normal
7,cell_b,1,30.3,39.34,31.6,0.08,-50.8,32.71,Normal
8,cell_a,8,69.1,5.94,112.0,4.58,-54.7,52.82,High
9,cell_b,4,47.0,19.46,74.6,2.07,-62.8,23.78,Moderate
10,cell_b,1,19.1,3.59,58.1,1.16,-87.9,10.36,Normal
11,cell_b,1,16.4,8.17,65.0,1.15,-87.8,5.42,Normal
12,cell_a,2,30.0,30.25,20.1,0.55,-64.8,25.68,Normal
13,cell_b,2,32.5,32.93,35.4,0.4,-62.8,30.84,Normal
14,cell_b,6,87.1,5.19,146.0,8.73,-57.4,70.01,Severe
15,cell_a,2,17.1,40.86,40.4,0.07,-63.8,39.27,Normal
16,cell_b,1,12.5,32.45,22.8,0.04,-63.0,33.22,Normal
17,cell_b,6,71.8,10.47,104.2,2.66,-48.4,54.6,High
18,cell_a,3,47.5,18.83,69.4,2.14,-54.3,24.76,Moderate
19,cell_b,1,30.9,5.04,79.8,2.44,-82.1,7.11,Moderate
20,cell_b,2,20.7,29.15,25.3,0.14,-54.5,26.06,Normal
21,cell_b,1,33.9,5.4,73.3,1.17,-83.3,6.55,Moderate
22,cell_b,2,28.8,47.34,38.7,0.07,-63.8,50.46,Normal
23,cell_a,7,64.4,12.54,113.8,3.8,-60.1,38.49,High
24,cell_b,3,40.2,14.85,66.1,1.98,-56.5,19.09,Moderate
25,cell_b,6,70.5,13.12,124.2,3.7,-56.6,67.66,High
26,cell_b,3,35.7,26.96,46.6,1.9,-57.2,31.64,Moderate
27,cell_a,1,20.2,45.8,40.3,0.06,-58.1,52.21,Normal
28,cell_a,2,29.8,8.79,50.1,2.5,-83.9,7.85,Normal
29,cell_a,8,94.3,5.41,224.0,8.56,-50.9,34.0,Severe
30,cell_a,1,20.8,29.18,36.2,0.11,-60.0,33.56,Normal
31,cell_a,1,18.5,7.21,47.4,3.36,-86.5,5.1,Normal
32,cell_a,2,23.2,45.28,34.8,0.47,-55.6,47.64,Normal
33,cell_b,4,48.1,14.16,58.4,1.15,-58.9,14.63,Moderate
34,cell_a,8,93.6,4.24,160.7,15.38,-54.8,45.67,Severe
35,cell_a,6,92.4,5.57,149.8,12.39,-48.7,58.79,Severe
36,cell_b,5,37.9,21.33,50.3,2.26,-65.5,23.13,Moderate
37,cell_a,1,25.3,4.25,78.4,2.8,-88.6,9.3,Normal
38,cell_a,5,44.2,25.07,74.9,2.3,-52.6,32.62,Moderate
39,cell_b,1,33.1,7.99,55.4,1.86,-85.4,9.12,Moderate
40,cell_b,4,53.6,19.89,64.2,2.28,-66.4,20.34,Moderate
41,cell_b,3,49.4,23.34,70.3,1.91,-63.0,23.46,Moderate
42,cell_a,5,96.3,5.15,156.2,13.51,-55.3,72.43,Severe
43,cell_a,1,20.2,34.51,30.9,0.32,-60.1,33.63,Normal
44,cell_a,3,20.3,29.62,24.0,0.04,-61.1,24.18,Normal
45,cell_a,3,56.6,21.39,71.8,1.98,-53.3,21.86,Moderate
46,cell_b,3,33.0,35.15,30.3,0.26,-52.7,29.12,Normal
47,cell_b,2,33.9,28.14,15.2,0.75,-63.5,25.81,Normal
48,cell_a,2,29.0,27.19,27.0,0.16,-64.2,25.68,Normal
49,cell_a,5,52.8,15.25,79.0,0.96,-61.2,18.94,Moderate
50,cell_b,3,15.1,41.25,36.0,0.19,-57.2,47.0,Normal
51,cell_a,3,48.8,26.47,79.7,1.56,-53.9,31.74,Moderate
52,cell_b,6,88.5,2.42,177.0,5.87,-52.7,61.15,Severe
53,cell_b,1,36.5,6.65,84.9,2.36,-82.6,11.2,Moderate
54,cell_a,1,28.1,7.05,64.4,3.81,-84.6,6.19,Normal
55,cell_a,2,26.8,27.84,44.5,0.47,-59.1,30.38,Normal
56,cell_b,6,70.3,11.38,117.5,2.82,-48.4,54.69,High
57,cell_a,1,26.1,6.33,77.8,1.28,-83.9,4.83,Normal
58,cell_a,5,51.1,22.06,56.9,2.22,-68.0,22.8,Moderate
59,cell_a,2,33.3,4.27,78.1,3.13,-85.5,7.22,Moderate
60,cell_b,1,13.3,7.55,70.4,1.67,-88.8,10.41,Normal
61,cell_b,3,43.3,19.36,76.2,1.62,-67.8,25.67,Moderate
62,cell_a,5,41.8,21.21,74.9,2.02,-59.8,27.65,Moderate
63,cell_a,8,70.1,6.86,118.9,4.08,-58.0,47.36,High
64,cell_a,2,25.6,5.8,84.2,3.91,-84.0,7.83,Normal
65,cell_a,5,51.8,23.09,83.6,1.48,-53.5,23.7,Moderate
66,cell_a,3,22.7,28.57,17.7,0.35,-58.4,33.16,Normal
67,cell_b,2,29.6,47.04,25.5,0.02,-55.9,46.6,Normal
68,cell_a,5,92.9,2.01,177.1,13.77,-53.6,46.67,Severe
69,cell_a,1,27.7,5.06,88.7,1.41,-88.8,6.43,Normal
70,cell_b,4,40.8,20.99,65.6,1.32,-64.4,21.05,Moderate
71,cell_b,3,56.9,21.87,73.6,1.87,-57.0,26.35,Moderate
72,cell_b,4,56.2,27.6,60.4,2.37,-62.9,37.0,Moderate
73,cell_a,1,18.6,3.1,84.7,1.91,-88.5,5.51,Normal
74,cell_a,3,39.0,16.32,57.8,1.13,-54.2,19.45,Moderate
75,cell_a,5,47.5,16.26,76.0,0.95,-59.4,16.67,Moderate
76,cell_a,3,20.5,40.37,30.2,0.6,-58.9,46.22,Normal
77,cell_b,2,31.1,4.3,61.6,3.21,-84.3,11.16,Moderate
78,cell_b,1,30.3,7.38,74.7,1.3,-85.7,11.07,Moderate
79,cell_b,1,30.8,33.65,38.5,0.62,-50.7,28.36,Normal
80,cell_a,8,75.8,13.18,91.3,3.17,-48.8,42.43,High
81,cell_b,2,18.4,3.93,79.9,1.39,-85.3,4.05,Normal
82,cell_a,3,18.6,41.52,39.9,0.44,-59.3,43.44,Normal
83,cell_a,5,66.9,10.07,116.6,4.54,-59.6,41.9,High
84,cell_b,8,83.8,4.4,196.9,12.54,-61.8,60.52,Severe
85,cell_b,3,31.9,40.9,39.9,0.65,-58.8,44.76,Normal
86,cell_b,7,66.1,14.64,133.9,3.52,-51.7,74.35,High
87,cell_b,5,55.7,19.71,75.4,1.42,-63.6,27.02,Moderate
88,cell_b,8,77.1,14.65,130.1,2.52,-58.5,51.59,High
89,cell_a,3,16.6,28.55,38.3,0.5,-53.0,31.2,Normal
90,cell_a,1,20.9,35.86,20.5,0.47,-63.2,37.35,Normal
91,cell_b,3,17.0,36.44,27.5,0.13,-52.1,32.24,Normal
92,cell_a,2,16.7,5.8,78.7,2.3,-86.9,8.71,Normal
93,cell_b,8,75.2,7.86,120.4,2.65,-52.6,68.78,High
94,cell_a,1,11.0,44.7,41.7,0.38,-55.3,36.02,Normal
95,cell_b,2,13.6,26.97,33.6,0.36,-51.7,31.55,Normal
96,cell_b,2,24.1,3.35,46.4,2.47,-86.3,6.59,Normal
97,cell_a,3,55.1,25.02,77.8,1.2,-53.6,28.41,Moderate
98,cell_b,1,15.5,40.49,20.5,0.01,-52.5,33.04,Normal
99,cell_a,6,62.6,11.83,139.7,4.47,-57.6,66.03,High
100,cell_a,1,21.5,31.84,40.8,0.22,-51.6,37.48,Normal
101,cell_a,5,72.1,9.1,99.2,3.77,-49.5,72.93,High
102,cell_b,2,31.1,7.49,57.9,2.45,-88.0,8.84,Moderate
103,cell_a,8,95.9,3.31,235.4,14.52,-49.6,66.85,Severe
104,cell_b,8,89.6,4.19,150.3,15.71,-48.7,30.23,Severe
105,cell_b,7,86.1,2.12,221.9,11.24,-50.7,67.27,Severe
106,cell_b,6,71.4,5.78,97.0,4.47,-59.0,33.06,High
107,cell_a,4,35.8,17.91,66.4,1.28,-52.7,19.18,Moderate
108,cell_b,7,70.4,6.85,128.4,3.3,-58.4,41.05,High
109,cell_a,2,33.7,4.08,81.6,1.12,-86.8,7.06,Moderate
110,cell_b,2,29.3,41.54,34.8,0.32,-58.0,40.61,Normal
111,cell_b,2,27.0,5.69,42.6,3.83,-86.0,8.59,Normal
112,cell_b,5,70.6,12.8,101.7,3.61,-54.2,49.44,High
113,cell_b,5,36.2,14.09,53.1,2.33,-67.2,18.15,Moderate
114,cell_b,3,15.2,26.82,17.9,0.14,-58.7,30.73,Normal
115,cell_b,1,11.5,42.69,35.7,0.22,-62.2,38.0,Normal
116,cell_b,5,52.1,19.53,61.6,1.61,-61.9,26.72,Moderate
117,cell_b,2,23.4,5.77,53.0,2.42,-86.9,7.66,Normal
118,cell_a,5,49.8,22.27,49.0,1.67,-54.6,26.17,Moderate
119,cell_b,3,12.0,42.71,31.5,0.07,-54.0,38.27,Normal
120,cell_b,1,36.5,4.35,75.0,2.5,-82.5,5.83,Moderate
121,cell_b,1,24.0,32.96,31.2,0.67,-58.2,34.47,Normal
122,cell_a,6,83.7,5.71,230.2,15.84,-59.3,74.71,Severe
123,cell_a,1,21.3,46.79,35.4,0.17,-62.2,47.62,Normal
124,cell_a,3,18.0,43.19,37.0,0.7,-60.2,49.11,Normal
125,cell_a,2,24.8,4.65,44.9,3.32,-88.5,9.63,Normal
126,cell_a,8,69.7,6.2,138.9,2.53,-48.1,30.52,High
127,cell_b,3,22.2,37.63,27.9,0.77,-57.2,36.53,Normal
128,cell_b,2,28.4,45.36,27.1,0.32,-63.4,53.22,Normal
129,cell_a,1,17.6,30.17,17.1,0.22,-59.8,35.78,Normal
130,cell_a,7,70.5,14.43,96.4,4.61,-58.8,70.98,High
131,cell_a,1,19.2,4.06,67.0,3.35,-86.0,6.83,Normal
132,cell_a,2,28.9,5.14,61.4,1.45,-88.0,5.51,Normal
133,cell_b,3,30.5,46.11,26.3,0.43,-63.9,55.12,Normal
134,cell_b,3,24.9,46.3,19.6,0.39,-52.5,46.28,Normal
135,cell_a,3,39.9,14.94,69.7,1.33,-53.6,15.81,Moderate
136,cell_a,1,26.3,36.43,27.5,0.26,-59.7,43.12,Normal
137,cell_a,5,75.6,7.94,110.9,2.5,-57.6,34.1,High
138,cell_b,5,76.7,9.8,106.1,4.63,-54.7,30.65,High
139,cell_b,1,22.1,6.65,86.6,1.39,-87.4,6.32,Normal
140,cell_a,3,50.6,26.53,78.4,2.13,-57.5,32.64,Moderate
141,cell_b,1,26.4,25.97,22.3,0.29,-61.8,30.02,Normal
142,cell_b,6,72.9,12.84,101.9,4.63,-61.0,65.19,High
143,cell_b,1,27.9,46.0,22.2,0.4,-62.2,38.53,Normal
144,cell_b,6,76.7,5.37,135.3,2.86,-57.2,50.04,High
145,cell_a,2,12.0,33.52,21.6,0.4,-55.7,31.74,Normal
146,cell_b,3,44.7,17.23,77.5,1.04,-52.1,17.61,Moderate
147,cell_b,2,32.3,3.51,41.5,2.51,-88.8,9.18,Moderate
148,cell_b,1,14.1,47.42,32.4,0.18,-59.8,42.45,Normal
149,cell_b,1,11.1,28.43,41.4,0.42,-59.9,29.92,Normal
150,cell_a,5,56.8,20.35,78.3,1.01,-64.3,27.12,Moderate
151,cell_a,4,46.4,24.15,66.5,1.98,-54.2,28.98,Moderate
152,cell_b,3,47.5,23.69,52.9,1.0,-60.6,26.8,Moderate
153,cell_b,3,14.0,39.07,26.9,0.63,-62.2,35.98,Normal
154,cell_a,3,21.7,38.91,35.0,0.76,-60.7,43.09,Normal
155,cell_b,8,67.9,6.82,103.9,3.12,-51.6,67.75,High
156,cell_a,1,13.1,25.78,44.7,0.25,-62.4,26.48,Normal
157,cell_a,2,27.0,7.2,67.0,2.95,-85.6,9.59,Normal
158,cell_a,3,21.0,31.49,28.9,0.26,-50.6,32.84,Normal
159,cell_a,3,27.3,47.04,37.9,0.73,-52.4,53.27,Normal
160,cell_a,1,17.8,5.37,68.6,1.29,-85.5,7.23,Normal
161,cell_a,2,25.6,7.43,43.0,3.43,-82.4,6.25,Normal
162,cell_b,8,66.9,7.34,91.6,4.5,-55.1,73.05,High
163,cell_b,2,28.5,5.36,79.5,2.28,-87.1,9.07,Normal
164,cell_b,4,48.7,18.86,52.4,1.79,-65.5,20.87,Moderate
165,cell_b,8,74.1,12.74,113.3,3.26,-54.1,30.57,High
166,cell_a,1,26.8,34.0,32.0,0.14,-57.2,36.32,Normal
167,cell_b,1,25.8,32.33,42.9,0.19,-63.9,32.66,Normal
168,cell_b,5,64.2,14.04,133.4,4.14,-59.2,43.56,High
169,cell_b,7,69.5,10.46,135.7,3.53,-58.7,35.39,High
170,cell_a,6,65.7,5.97,112.2,3.68,-55.8,31.98,High
171,cell_b,1,25.1,41.79,29.9,0.02,-54.9,49.47,Normal
172,cell_b,5,54.9,16.03,68.7,1.5,-59.1,20.44,Moderate
173,cell_b,4,37.4,22.2,80.8,1.02,-66.3,30.64,Moderate
174,cell_b,1,27.1,41.12,25.9,0.77,-51.2,45.01,Normal
175,cell_a,4,38.2,14.32,72.2,0.92,-63.5,16.42,Moderate
176,cell_a,2,28.6,31.0,21.4,0.67,-53.5,32.36,Normal
177,cell_b,3,25.6,38.37,38.9,0.0,-57.5,31.67,Normal
178,cell_b,1,30.1,5.77,74.1,3.0,-88.2,10.54,Moderate
179,cell_a,1,14.1,38.34,33.1,0.0,-60.5,44.33,Normal
180,cell_b,2,32.3,30.41,33.9,0.34,-63.9,34.34,Normal
181,cell_b,3,17.7,41.24,36.8,0.33,-58.5,36.46,Normal
182,cell_a,6,71.6,9.11,88.8,2.69,-48.7,66.73,High
183,cell_a,5,42.5,24.77,63.0,2.17,-55.8,25.23,Moderate
184,cell_b,4,54.9,18.27,81.2,1.93,-52.9,19.99,Moderate
185,cell_b,2,15.9,8.03,65.8,3.22,-84.5,4.13,Normal
186,cell_b,3,33.5,47.15,36.4,0.35,-53.3,50.96,Normal
187,cell_b,6,93.2,1.63,147.0,6.72,-51.5,63.75,Severe
188,cell_b,4,35.1,27.38,83.8,1.73,-52.7,36.04,Moderate
189,cell_a,3,38.9,15.3,54.1,1.45,-56.3,16.84,Moderate
190,cell_a,2,17.4,27.28,16.7,0.12,-60.4,30.55,Normal
191,cell_b,3,21.3,43.98,24.8,0.28,-53.5,40.48,Normal
192,cell_a,3,10.7,31.71,30.6,0.02,-50.1,28.56,Normal
193,cell_a,7,61.3,5.59,126.9,2.76,-60.1,63.97,High
194,cell_b,3,20.0,39.11,43.4,0.3,-64.2,45.25,Normal
195,cell_a,5,44.6,17.62,62.5,1.63,-59.2,21.82,Moderate
196,cell_a,7,96.2,5.89,178.2,8.49,-60.9,46.1,Severe
197,cell_b,3,22.3,36.23,30.5,0.08,-51.2,35.83,Normal
198,cell_a,5,87.0,2.17,206.1,14.7,-48.7,60.4,Severe
199,cell_b,1,32.0,8.81,63.2,3.56,-86.7,4.43,Moderate
200,cell_a,3,10.7,38.76,33.6,0.67,-57.2,31.6,Normal
201,cell_b,1,21.9,6.39,83.7,2.37,-86.3,7.99,Normal
202,cell_b,7,95.4,3.19,238.5,11.76,-57.4,57.64,Severe
203,cell_b,1,12.8,47.16,42.1,0.66,-51.7,54.28,Normal
204,cell_b,5,45.4,17.29,78.7,2.23,-54.4,17.66,Moderate
205,cell_a,7,73.1,6.84,115.6,2.9,-56.2,72.67,High
206,cell_a,1,16.7,7.81,68.2,3.48,-82.8,10.11,Normal
207,cell_b,3,12.3,27.61,18.6,0.66,-62.7,23.05,Normal
208,cell_b,5,53.2,17.81,63.0,1.46,-57.9,22.8,Moderate
209,cell_b,1,24.8,30.69,40.8,0.78,-50.0,32.18,Normal
210,cell_b,6,65.9,12.97,131.4,3.5,-58.5,34.17,High
211,cell_b,1,27.5,34.35,38.5,0.75,-54.1,39.59,Normal
212,cell_a,7,62.7,12.04,139.5,4.78,-53.6,50.43,High
213,cell_b,2,19.5,34.8,32.9,0.32,-60.7,28.13,Normal
214,cell_a,5,87.4,5.8,202.0,5.38,-60.5,50.22,Severe
215,cell_b,2,26.9,5.62,54.0,3.94,-87.6,6.38,Normal
216,cell_a,5,82.6,5.88,156.7,13.23,-56.3,63.83,Severe
217,cell_b,3,18.9,31.51,40.9,0.58,-52.6,34.19,Normal
218,cell_b,1,26.3,27.89,24.5,0.29,-59.6,25.67,Normal
219,cell_a,4,38.4,15.26,71.4,1.61,-54.7,19.44,Moderate
220,cell_a,7,69.0,6.79,108.9,4.05,-56.9,55.95,High
221,cell_b,3,29.3,36.7,42.3,0.08,-52.8,32.77,Normal
222,cell_b,2,21.7,7.71,62.1,2.22,-85.3,5.88,Normal
223,cell_a,6,75.2,12.3,99.9,2.63,-48.8,70.38,High
224,cell_b,1,31.7,27.93,42.8,0.15,-53.3,22.75,Normal
225,cell_a,6,84.5,5.2,227.0,12.39,-52.9,33.03,Severe
226,cell_a,3,28.3,46.86,28.6,0.27,-58.5,39.35,Normal
227,cell_a,8,64.9,11.18,131.4,3.27,-51.5,44.19,High
228,cell_b,7,71.4,5.25,113.9,3.52,-61.0,74.63,High
229,cell_b,5,37.7,17.88,80.1,1.06,-68.0,23.31,Moderate
230,cell_a,3,21.4,37.66,16.7,0.17,-61.6,40.22,Normal
231,cell_b,2,20.0,3.18,68.8,3.34,-85.2,8.33,Normal
232,cell_a,3,53.7,24.38,47.0,1.92,-66.5,27.55,Moderate
233,cell_b,2,15.0,28.19,33.6,0.28,-51.1,27.13,Normal
234,cell_b,3,36.8,24.9,54.8,1.71,-65.3,29.54,Moderate
235,cell_b,6,75.4,12.9,127.8,4.27,-61.1,30.02,High
236,cell_b,7,69.8,14.12,105.4,2.65,-57.1,62.66,High
237,cell_b,6,61.5,11.32,139.4,4.67,-55.6,55.84,High
238,cell_b,3,52.1,23.89,71.7,1.57,-65.4,25.77,Moderate
239,cell_a,1,34.7,3.43,45.4,3.41,-86.8,7.59,Moderate
240,cell_b,6,86.3,2.44,256.4,15.51,-55.6,57.44,Severe
241,cell_b,3,53.1,16.31,52.7,1.82,-63.0,21.53,Moderate
242,cell_b,1,16.5,25.12,29.2,0.58,-61.4,21.96,Normal
243,cell_a,3,40.4,28.0,46.8,2.12,-63.1,31.75,Moderate
244,cell_b,5,50.8,19.27,74.9,1.33,-62.6,21.84,Moderate
245,cell_b,4,55.7,19.42,61.0,2.0,-65.6,21.76,Moderate
246,cell_a,2,30.4,28.52,25.2,0.44,-58.3,26.01,Normal
247,cell_a,8,95.9,4.22,210.2,6.2,-52.9,34.77,Severe
248,cell_b,4,38.9,20.97,64.2,1.43,-62.7,29.26,Moderate
249,cell_a,2,32.9,7.74,78.3,3.53,-84.0,11.47,Moderate
250,cell_b,5,55.4,15.92,50.1,1.17,-54.5,21.6,Moderate
251,cell_a,2,27.0,41.03,41.4,0.12,-59.7,33.29,Normal
252,cell_b,3,11.0,27.92,39.3,0.5,-63.6,27.78,Normal
253,cell_a,7,71.9,10.69,88.6,3.67,-57.7,63.05,High
254,cell_b,1,32.2,28.59,30.9,0.58,-59.1,30.56,Normal
255,cell_b,4,43.1,16.39,82.8,1.54,-56.0,17.33,Moderate
256,cell_a,4,41.2,22.87,56.8,2.4,-60.1,31.98,Moderate
257,cell_b,1,33.1,5.14,46.0,1.67,-82.2,6.48,Moderate
258,cell_a,5,56.3,18.28,50.3,1.23,-64.6,23.44,Moderate
259,cell_b,2,18.7,3.17,85.2,3.8,-85.6,7.62,Normal
260,cell_b,3,29.2,34.16,35.5,0.29,-56.0,27.5,Normal
261,cell_b,5,50.3,19.78,69.4,1.49,-57.6,23.78,Moderate
262,cell_b,5,92.0,4.87,190.4,5.01,-51.4,44.57,Severe
263,cell_b,5,37.8,26.05,83.5,2.23,-54.9,30.79,Moderate
264,cell_b,2,12.3,6.95,69.9,2.23,-85.2,9.11,Normal
265,cell_b,5,81.0,5.09,235.8,12.12,-57.0,52.04,Severe
266,cell_a,3,27.3,45.91,37.5,0.8,-51.8,37.2,Normal
267,cell_a,4,46.6,20.06,64.5,1.23,-58.6,25.62,Moderate
268,cell_b,3,29.2,35.63,30.2,0.29,-59.0,41.83,Normal
269,cell_b,2,30.8,36.51,27.2,0.36,-56.2,29.87,Normal
270,cell_a,1,26.9,42.44,20.7,0.38,-50.6,47.97,Normal
271,cell_a,1,33.4,44.99,31.0,0.45,-63.6,51.99,Normal
272,cell_b,8,89.2,4.46,185.3,11.43,-53.3,63.95,Severe
273,cell_b,1,12.7,3.32,48.6,2.71,-83.1,10.88,Normal
274,cell_b,3,17.1,40.35,41.9,0.56,-64.9,35.75,Normal
275,cell_a,1,31.5,35.73,29.6,0.25,-62.9,30.78,Normal
276,cell_a,2,23.8,31.49,21.2,0.25,-53.1,34.2,Normal
277,cell_b,8,74.9,6.53,124.2,2.7,-52.7,31.11,High
278,cell_b,1,14.6,38.49,17.1,0.44,-59.3,38.33,Normal
279,cell_a,1,10.6,35.73,16.8,0.7,-56.3,33.54,Normal
280,cell_a,4,46.7,26.88,66.8,2.15,-58.3,36.51,Moderate
281,cell_a,5,49.8,23.42,78.6,1.0,-56.2,25.94,Moderate
282,cell_b,2,30.5,8.36,57.3,3.64,-84.8,4.99,Moderate
283,cell_b,2,15.6,31.79,30.1,0.06,-55.6,34.65,Normal
284,cell_b,3,12.9,31.05,37.9,0.36,-53.7,25.76,Normal
285,cell_a,2,27.4,8.94,59.5,2.94,-86.3,4.95,Normal
286,cell_b,3,29.7,44.14,26.3,0.04,-56.1,49.38,Normal
287,cell_b,4,47.9,19.3,78.9,2.02,-58.6,20.44,Moderate
288,cell_a,3,13.3,30.32,24.0,0.0,-59.1,24.3,Normal
289,cell_b,8,71.9,9.34,124.2,3.85,-59.6,37.21,High
290,cell_b,5,66.2,5.34,113.8,4.32,-59.6,40.66,High
291,cell_a,7,62.0,5.69,92.8,2.73,-54.3,64.94,High
292,cell_a,5,56.1,20.33,84.5,1.56,-66.6,26.67,Moderate
293,cell_a,2,28.6,34.27,21.4,0.68,-51.1,27.6,Normal
294,cell_a,3,24.9,38.08,15.6,0.3,-54.0,45.6,Normal
295,cell_b,2,35.9,4.07,51.9,1.68,-83.6,6.86,Moderate
296,cell_a,5,45.8,17.39,58.7,2.21,-52.1,21.01,Moderate
297,cell_a,5,40.7,18.76,49.0,1.12,-63.3,25.59,Moderate
298,cell_a,3,19.2,39.01,22.2,0.06,-54.7,33.11,Normal
299,cell_b,4,35.4,26.67,58.2,2.13,-61.0,27.4,Moderate
300,cell_b,5,72.2,10.74,134.6,4.57,-53.6,40.49,High
301,cell_b,2,26.1,44.75,38.2,0.34,-60.5,48.61,Normal
302,cell_b,1,26.7,40.81,18.2,0.59,-58.7,40.82,Normal
303,cell_a,1,30.7,37.13,30.9,0.06,-54.7,42.06,Normal
304,cell_a,2,17.5,37.89,43.1,0.54,-64.4,43.76,Normal
305,cell_a,1,20.9,44.02,39.4,0.64,-55.6,49.24,Normal
306,cell_a,2,31.3,31.87,36.6,0.08,-56.7,36.77,Normal
307,cell_a,2,20.3,8.99,68.7,3.16,-85.4,6.45,Normal
308,cell_b,5,37.7,24.79,49.4,2.1,-66.9,32.61,Moderate
309,cell_b,2,13.1,40.43,33.2,0.4,-61.1,40.21,Normal
310,cell_a,3,25.2,37.39,40.3,0.1,-61.6,44.45,Normal
311,cell_a,6,76.9,11.05,93.7,3.09,-52.1,55.18,High
312,cell_b,1,24.7,46.41,33.4,0.44,-62.7,47.8,Normal
313,cell_b,8,75.4,10.66,93.0,3.32,-56.4,43.65,High
314,cell_b,1,24.6,25.47,19.6,0.73,-56.2,21.9,Normal
315,cell_b,2,23.4,41.35,40.3,0.21,-54.1,49.15,Normal
316,cell_a,8,95.5,5.28,156.9,14.91,-55.2,68.44,Severe
317,cell_a,6,96.3,2.43,211.6,6.19,-60.3,63.51,Severe
318,cell_b,8,61.9,12.44,134.5,4.63,-58.9,38.59,High
319,cell_a,4,49.3,16.22,49.2,1.23,-58.4,21.84,Moderate
320,cell_a,4,48.0,26.73,51.8,2.33,-64.3,32.12,Moderate
321,cell_b,5,50.6,19.7,83.7,2.24,-56.8,24.53,Moderate
322,cell_a,6,92.2,3.95,146.1,14.37,-54.9,33.23,Severe
323,cell_b,5,95.6,4.18,149.0,13.52,-52.7,70.87,Severe
324,cell_a,4,55.5,21.43,49.7,1.11,-56.4,27.07,Moderate
325,cell_a,1,16.4,4.85,87.7,1.01,-86.2,11.43,Normal
326,cell_a,8,75.6,12.37,109.9,4.49,-53.6,53.88,High
327,cell_b,4,53.7,24.19,64.4,1.73,-55.8,28.52,Moderate
328,cell_b,1,22.8,8.69,58.2,1.03,-86.3,4.52,Normal
329,cell_b,1,27.8,39.01,36.4,0.29,-57.9,36.62,Normal
330,cell_a,2,20.2,3.85,80.4,3.29,-88.6,5.42,Normal
331,cell_a,3,11.8,41.23,27.2,0.27,-50.6,35.76,Normal
332,cell_b,5,94.4,1.25,195.1,14.06,-50.4,36.14,Severe
333,cell_b,6,62.6,9.42,113.5,4.39,-56.9,37.99,High
334,cell_a,1,32.0,30.18,23.0,0.43,-54.9,32.28,Normal
335,cell_b,5,48.4,23.63,78.9,1.98,-65.2,27.04,Moderate
336,cell_b,5,96.7,4.58,247.4,5.73,-51.0,65.32,Severe
337,cell_a,2,15.3,6.29,68.5,2.84,-85.2,5.3,Normal
338,cell_a,5,76.8,7.18,107.5,3.98,-60.0,56.21,High
339,cell_a,1,23.2,6.05,81.7,3.39,-85.3,6.79,Normal
340,cell_b,2,20.2,3.21,75.8,1.81,-88.7,11.7,Normal
341,cell_a,4,35.2,17.03,73.8,1.71,-64.8,19.56,Moderate
342,cell_a,7,94.5,2.29,209.5,12.7,-60.9,67.5,Severe
343,cell_a,2,21.9,42.49,27.5,0.76,-60.9,40.67,Normal
344,cell_b,3,18.0,33.96,25.1,0.08,-52.9,29.18,Normal
345,cell_a,5,39.8,16.86,60.9,1.47,-66.4,23.38,Moderate
346,cell_b,4,44.2,25.68,67.0,1.59,-55.7,28.33,Moderate
347,cell_b,8,66.4,9.19,96.3,4.16,-61.3,35.08,High
348,cell_b,3,31.0,43.05,43.2,0.24,-51.8,46.93,Normal
349,cell_b,2,30.7,8.7,45.8,1.72,-85.2,4.88,Moderate
350,cell_a,5,41.4,19.61,63.9,2.04,-53.5,26.87,Moderate
351,cell_b,7,89.2,1.36,162.1,13.83,-51.1,66.83,Severe
352,cell_a,1,36.3,6.57,85.3,3.22,-82.3,11.94,Moderate
353,cell_a,1,20.1,44.42,33.7,0.09,-60.0,39.22,Normal
354,cell_b,3,16.0,34.5,25.2,0.17,-64.4,28.75,Normal
355,cell_a,6,60.7,13.3,100.3,3.84,-61.5,40.11,High
356,cell_a,6,64.6,14.28,128.9,4.47,-56.6,40.9,High
357,cell_a,5,55.3,24.49,70.5,2.08,-59.9,31.12,Moderate
358,cell_b,3,46.4,15.2,68.6,1.82,-61.2,18.93,Moderate
359,cell_b,3,46.3,15.5,48.7,1.83,-55.9,17.67,Moderate
360,cell_b,2,33.9,32.03,36.7,0.26,-60.9,33.54,Normal
361,cell_a,3,14.3,32.4,16.9,0.27,-51.4,34.23,Normal
362,cell_b,3,42.7,17.11,48.2,1.48,-57.1,20.89,Moderate
363,cell_a,5,61.8,5.5,126.5,2.8,-58.7,60.78,High
364,cell_a,3,57.6,18.53,77.9,2.32,-54.3,24.26,Moderate
365,cell_a,5,47.0,17.48,75.7,2.01,-66.6,23.99,Moderate
366,cell_b,1,25.8,5.74,77.3,2.73,-82.1,7.31,Normal
367,cell_b,4,56.6,22.44,50.3,1.0,-55.7,26.36,Moderate
368,cell_a,1,24.1,7.17,58.2,2.2,-87.1,8.48,Normal
369,cell_a,1,13.9,33.74,29.8,0.58,-58.6,29.54,Normal
370,cell_b,1,18.9,36.42,38.6,0.13,-55.9,33.45,Normal
371,cell_b,2,19.3,31.75,36.9,0.63,-52.8,32.6,Normal
372,cell_a,8,84.7,2.47,237.6,6.51,-53.0,56.1,Severe
373,cell_b,2,23.1,3.52,70.4,2.58,-89.0,6.31,Normal
374,cell_a,2,31.9,5.55,67.7,1.53,-85.4,6.33,Moderate
375,cell_a,3,40.6,27.82,73.7,1.63,-55.7,38.58,Moderate
376,cell_b,2,29.1,29.85,33.6,0.32,-56.0,31.27,Normal
377,cell_a,3,18.5,25.73,31.8,0.22,-60.7,26.8,Normal
378,cell_b,8,61.7,9.75,90.7,3.36,-51.3,67.57,High
379,cell_b,1,18.1,8.51,47.0,3.78,-86.3,6.34,Normal
380,cell_a,8,69.0,7.67,94.3,4.28,-54.0,40.73,High
381,cell_a,1,14.6,42.35,41.7,0.57,-55.2,33.98,Normal
382,cell_b,7,69.9,13.32,124.1,3.57,-59.0,49.52,High
383,cell_a,2,28.3,5.49,63.7,2.08,-82.0,7.41,Normal
384,cell_b,3,50.4,23.71,49.5,1.08,-57.0,28.3,Moderate
385,cell_b,3,17.4,31.95,38.1,0.08,-55.9,35.22,Normal
386,cell_a,3,33.3,46.31,26.1,0.41,-51.8,43.9,Normal
387,cell_b,7,63.7,7.45,86.6,2.54,-48.4,64.42,High
388,cell_b,4,42.0,23.69,48.8,1.66,-62.4,27.61,Moderate
389,cell_a,3,22.0,26.6,21.4,0.22,-57.5,28.26,Normal
390,cell_a,4,40.0,16.65,50.4,2.36,-56.9,17.15,Moderate
391,cell_a,3,17.2,29.45,28.4,0.65,-58.1,31.21,Normal
392,cell_a,3,53.7,15.5,66.3,1.37,-66.9,16.98,Moderate
393,cell_b,4,37.2,19.5,79.6,2.21,-62.0,20.7,Moderate
394,cell_b,2,23.3,6.49,75.3,2.9,-87.3,10.97,Normal
395,cell_b,5,84.9,2.26,189.3,8.21,-57.9,48.92,Severe
396,cell_b,2,19.1,29.15,29.1,0.61,-54.2,31.3,Normal
397,cell_a,5,62.1,8.08,123.0,2.84,-52.0,65.0,High
398,cell_b,6,63.4,6.05,129.9,3.0,-54.7,44.34,High
399,cell_a,5,50.1,22.4,70.8,1.61,-61.4,23.85,Moderate
400,cell_a,1,33.5,6.07,49.5,2.61,-84.2,6.78,Moderate
401,cell_a,4,55.6,25.1,85.0,1.65,-63.1,31.49,Moderate
402,cell_a,6,88.6,1.27,177.2,13.15,-49.5,43.05,Severe
403,cell_a,2,21.5,4.53,71.8,3.39,-87.5,11.95,Normal
404,cell_a,8,63.5,5.23,131.0,3.47,-57.1,53.47,High
405,cell_b,1,32.7,38.12,23.6,0.04,-61.2,31.11,Normal
406,cell_a,4,54.6,15.88,82.6,2.0,-59.4,17.0,Moderate
407,cell_b,1,17.7,32.07,16.5,0.77,-50.4,38.34,Normal
408,cell_a,7,63.6,14.28,119.3,3.95,-58.8,39.32,High
409,cell_b,5,54.6,14.31,60.8,1.9,-67.3,18.47,Moderate
410,cell_b,8,88.3,3.65,186.3,7.16,-53.2,37.95,Severe
411,cell_a,1,12.0,35.68,23.6,0.59,-53.6,30.8,Normal
412,cell_a,1,24.1,3.13,82.8,2.16,-86.6,4.87,Normal
413,cell_a,7,61.3,6.71,100.8,3.72,-56.0,40.89,High
414,cell_a,1,36.8,6.71,60.2,2.14,-88.3,5.55,Moderate
415,cell_a,4,44.5,27.06,65.5,1.02,-63.8,31.2,Moderate
416,cell_b,5,57.7,23.95,66.4,2.34,-67.5,29.91,Moderate
417,cell_b,5,88.0,4.61,224.7,7.8,-55.4,72.29,Severe
418,cell_a,2,29.5,3.76,83.1,2.23,-82.3,10.52,Normal
419,cell_a,2,29.2,7.72,67.3,2.74,-85.2,5.34,Normal
420,cell_b,1,26.1,25.28,28.1,0.09,-61.4,28.88,Normal
421,cell_b,6,60.8,8.34,96.0,4.7,-57.5,39.91,High
422,cell_a,1,33.6,44.07,31.5,0.71,-64.5,49.66,Normal
423,cell_b,2,23.4,27.39,24.0,0.26,-52.3,30.81,Normal
424,cell_a,1,10.7,35.08,38.5,0.39,-57.3,38.67,Normal
425,cell_a,5,58.0,22.99,46.5,0.92,-67.4,28.37,Moderate
426,cell_a,1,29.3,26.57,42.0,0.78,-52.6,21.82,Normal
427,cell_b,4,50.5,26.29,82.8,1.19,-59.7,29.37,Moderate
428,cell_a,4,36.4,19.7,79.9,2.35,-57.3,21.84,Moderate
429,cell_b,2,14.0,46.66,19.4,0.04,-63.1,52.69,Normal
430,cell_b,4,42.5,21.96,71.5,1.01,-63.1,22.87,Moderate
431,cell_a,2,25.8,45.83,20.0,0.77,-52.8,51.44,Normal
432,cell_b,8,86.9,3.31,175.0,15.75,-48.6,74.82,Severe
433,cell_a,2,12.8,35.11,35.6,0.35,-58.8,34.35,Normal
434,cell_b,2,36.0,3.08,43.3,3.68,-87.7,4.14,Moderate
435,cell_b,7,82.8,5.35,225.7,12.04,-59.2,65.96,Severe
436,cell_a,5,48.9,20.37,59.2,2.27,-53.8,27.86,Moderate
437,cell_a,1,30.5,4.21,60.3,1.51,-86.3,8.11,Moderate
438,cell_b,4,56.8,14.63,65.5,1.16,-59.9,15.52,Moderate
439,cell_a,3,52.1,26.57,53.9,1.02,-64.7,31.98,Moderate
440,cell_a,3,51.8,16.31,49.5,1.8,-55.1,19.87,Moderate
441,cell_a,2,31.6,29.1,26.4,0.21,-61.5,29.19,Normal
442,cell_a,4,52.9,21.53,77.5,1.15,-66.6,24.75,Moderate
443,cell_b,1,18.0,44.03,34.5,0.6,-55.4,45.1,Normal
444,cell_a,3,25.4,38.23,27.6,0.71,-61.0,38.43,Normal
445,cell_a,1,12.7,6.02,41.8,1.17,-88.1,5.08,Normal
446,cell_b,3,25.7,35.13,39.7,0.12,-60.4,34.21,Normal
447,cell_a,1,33.6,26.55,25.8,0.63,-55.6,27.85,Normal
448,cell_a,8,79.3,4.11,222.3,13.95,-59.7,37.07,Severe
449,cell_a,1,23.3,30.4,42.4,0.52,-53.3,32.32,Normal
450,cell_a,7,63.0,13.6,89.6,2.76,-61.5,60.87,High
451,cell_a,3,38.3,15.39,61.6,2.17,-65.2,19.33,Moderate
452,cell_a,1,23.8,6.98,68.7,1.86,-82.5,7.42,Normal
453,cell_a,5,38.3,21.6,48.4,1.35,-63.2,25.03,Moderate
454,cell_a,5,74.2,10.37,124.4,3.18,-58.2,49.08,High
455,cell_b,1,15.9,33.86,23.7,0.06,-57.3,29.95,Normal
456,cell_a,5,41.4,15.34,81.9,1.35,-66.2,21.08,Moderate
457,cell_b,2,22.5,6.29,66.7,3.94,-82.4,9.43,Normal
458,cell_a,5,79.8,1.77,222.0,10.78,-55.3,40.46,Severe
459,cell_a,3,24.4,45.06,33.8,0.45,-64.4,45.24,Normal
460,cell_b,1,11.9,41.56,20.3,0.32,-59.9,35.68,Normal
461,cell_b,5,41.1,19.67,83.9,1.32,-63.5,20.52,Moderate
462,cell_a,2,25.1,38.7,24.6,0.43,-59.0,34.06,Normal
463,cell_a,2,23.4,46.09,15.4,0.32,-64.4,44.66,Normal
464,cell_b,2,15.3,6.95,65.4,1.49,-86.8,9.87,Normal
465,cell_a,2,18.7,6.42,70.2,1.91,-88.4,8.91,Normal
466,cell_b,4,56.5,16.56,56.1,1.69,-53.1,21.28,Moderate
467,cell_b,1,29.6,30.59,15.4,0.76,-61.6,30.3,Normal
468,cell_b,6,88.4,4.44,154.2,14.94,-55.2,51.62,Severe
469,cell_a,6,60.8,13.62,111.9,2.87,-50.4,43.23,High
470,cell_a,2,19.3,5.73,45.5,3.96,-87.3,8.01,Normal
471,cell_b,1,30.2,7.7,62.9,3.21,-87.5,5.39,Moderate
472,cell_b,4,51.1,19.27,81.2,0.92,-56.6,20.71,Moderate
473,cell_a,3,53.8,25.24,82.8,1.19,-56.4,30.21,Moderate
474,cell_b,1,13.1,29.75,34.4,0.79,-58.2,27.49,Normal
475,cell_a,3,16.5,27.15,25.2,0.59,-53.5,22.9,Normal
476,cell_b,3,29.6,39.81,22.5,0.49,-51.3,34.87,Normal
477,cell_b,2,25.5,36.77,28.0,0.69,-64.9,39.63,Normal
478,cell_b,3,23.8,37.63,18.0,0.05,-53.2,31.07,Normal
479,cell_a,1,12.5,45.15,41.8,0.5,-55.6,41.08,Normal
480,cell_b,8,69.4,10.13,88.8,2.6,-51.1,40.14,High
481,cell_a,3,39.1,21.91,48.6,2.37,-57.6,26.38,Moderate
482,cell_a,1,22.1,40.17,19.5,0.51,-59.6,37.63,Normal
483,cell_a,1,18.9,39.26,16.8,0.55,-53.3,46.15,Normal
484,cell_a,4,41.3,20.87,46.0,1.99,-56.3,22.47,Moderate
485,cell_a,1,21.5,42.3,32.2,0.43,-63.7,46.93,Normal
486,cell_a,3,26.8,28.01,27.1,0.22,-62.3,23.26,Normal
487,cell_b,8,89.6,2.83,183.1,11.42,-55.4,56.14,Severe
488,cell_a,1,13.1,3.28,83.0,1.56,-88.8,9.27,Normal
489,cell_a,3,55.3,15.38,75.9,1.27,-61.5,18.91,Moderate
490,cell_b,4,57.2,16.42,61.4,2.11,-61.3,19.51,Moderate
491,cell_a,3,46.6,14.11,83.0,1.79,-58.7,16.59,Moderate
492,cell_a,2,25.0,6.06,83.6,1.2,-88.5,8.64,Normal
493,cell_b,6,61.8,10.59,112.0,3.88,-55.8,50.42,High
494,cell_b,5,96.9,3.38,248.1,8.14,-49.5,46.79,Severe
495,cell_b,3,54.6,22.98,50.2,1.33,-63.7,31.38,Moderate
496,cell_b,8,64.1,6.37,115.7,3.31,-51.7,60.94,High
497,cell_a,2,16.6,39.87,20.7,0.39,-50.1,34.84,Normal
498,cell_a,3,17.5,41.33,36.6,0.6,-50.8,42.25,Normal
499,cell_a,2,18.9,36.25,33.6,0.73,-59.2,38.56,Normal
500,cell_a,1,19.0,6.83,41.5,1.49,-84.5,8.84,Normal
501,cell_b,1,18.4,5.1,72.5,2.04,-84.2,5.2,Normal
502,cell_b,6,79.5,3.65,146.1,8.69,-57.3,56.26,Severe
503,cell_a,5,49.8,24.26,71.8,1.34,-54.0,30.6,Moderate
504,cell_b,3,14.0,37.36,38.9,0.29,-54.7,31.06,Normal
505,cell_b,2,13.8,28.01,27.6,0.49,-61.0,28.89,Normal
506,cell_b,4,36.1,16.17,70.7,1.3,-56.3,20.33,Moderate
507,cell_a,3,52.2,17.0,47.0,2.3,-66.8,22.48,Moderate
508,cell_b,3,14.8,39.39,30.2,0.28,-60.9,46.17,Normal
509,cell_a,1,15.9,40.41,27.0,0.5,-54.5,44.83,Normal
510,cell_b,3,50.8,27.46,47.3,1.44,-53.8,27.68,Moderate
511,cell_a,3,28.6,25.03,39.4,0.37,-55.5,25.46,Normal
512,cell_b,3,23.6,46.25,25.1,0.35,-59.8,42.08,Normal
513,cell_a,1,25.1,3.29,67.4,1.39,-85.9,7.97,Normal
514,cell_a,8,72.7,7.7,98.4,4.05,-49.7,35.23,High
515,cell_b,1,16.6,4.72,61.0,1.92,-87.0,9.24,Normal
516,cell_a,1,11.8,36.5,30.9,0.69,-53.2,34.48,Normal
517,cell_a,4,57.1,21.04,58.1,1.35,-57.5,29.02,Moderate
518,cell_b,2,24.6,28.45,21.1,0.73,-58.1,29.08,Normal
519,cell_a,4,47.4,16.98,67.7,1.66,-62.2,23.3,Moderate
520,cell_b,3,36.2,20.21,64.0,1.37,-58.3,20.4,Moderate
521,cell_a,3,43.5,18.19,78.8,1.78,-63.1,19.62,Moderate
522,cell_a,1,26.8,7.19,89.5,2.9,-88.5,9.03,Normal
523,cell_a,3,48.5,21.77,73.6,1.76,-58.1,26.4,Moderate
524,cell_a,2,23.0,4.04,56.2,2.04,-88.4,5.91,Normal
525,cell_a,5,40.2,17.68,70.5,1.59,-61.1,22.93,Moderate
526,cell_b,3,12.2,25.62,25.2,0.32,-62.9,29.35,Normal
527,cell_b,3,32.0,27.34,35.3,0.25,-52.6,32.37,Normal
528,cell_b,6,96.1,2.1,161.3,7.5,-52.7,53.48,Severe
529,cell_b,3,56.9,23.13,49.6,1.25,-60.5,24.45,Moderate
530,cell_a,3,33.0,26.16,27.4,0.66,-58.6,28.95,Normal
531,cell_b,8,82.1,2.75,171.9,6.79,-50.2,46.45,Severe
532,cell_a,5,77.9,7.34,92.6,2.59,-60.1,68.26,High
533,cell_a,5,80.0,2.09,209.7,13.19,-53.3,72.25,Severe
534,cell_a,4,45.5,21.88,50.3,1.76,-59.8,27.25,Moderate
535,cell_b,1,14.7,39.65,15.8,0.69,-63.2,41.17,Normal
536,cell_b,1,31.7,45.86,15.7,0.19,-61.2,49.64,Normal
537,cell_b,2,28.3,39.21,42.4,0.53,-53.3,33.7,Normal
538,cell_a,3,22.0,28.6,23.1,0.01,-64.3,27.35,Normal
539,cell_b,7,72.0,12.18,115.8,3.1,-57.5,31.61,High
540,cell_b,1,11.1,36.7,15.5,0.72,-51.1,36.34,Normal
541,cell_a,3,11.7,38.42,44.9,0.53,-59.7,41.22,Normal
542,cell_b,4,56.4,18.02,58.8,1.5,-55.0,19.51,Moderate
543,cell_a,3,17.5,26.1,43.8,0.19,-57.1,30.85,Normal
544,cell_b,3,39.2,21.98,50.3,1.22,-66.7,29.99,Moderate
545,cell_b,3,31.1,25.01,38.7,0.71,-58.0,22.49,Normal
546,cell_b,3,49.3,23.25,51.2,1.69,-63.5,32.37,Moderate
547,cell_a,3,55.4,20.02,83.0,1.5,-62.9,22.31,Moderate
548,cell_a,7,96.6,4.69,148.9,12.91,-51.3,53.92,Severe
549,cell_a,5,85.2,3.16,193.7,13.32,-51.5,34.29,Severe
550,cell_b,6,72.9,8.07,114.6,3.02,-51.0,61.62,High
551,cell_b,5,67.6,6.01,118.2,3.51,-61.7,31.27,High
552,cell_b,3,27.3,43.47,22.9,0.71,-62.4,39.28,Normal
553,cell_a,1,12.5,5.0,49.8,2.96,-83.6,10.77,Normal
554,cell_a,2,20.1,8.46,84.9,3.69,-84.1,7.92,Normal
555,cell_b,8,74.9,10.69,120.4,4.62,-61.0,72.19,High
556,cell_a,4,45.8,15.45,79.2,1.7,-52.0,18.53,Moderate
557,cell_b,3,56.0,21.65,56.9,2.32,-58.9,23.61,Moderate
558,cell_a,1,12.0,5.92,62.9,2.51,-85.5,6.08,Normal
559,cell_a,1,19.8,45.95,20.9,0.59,-50.5,49.09,Normal
560,cell_b,7,67.5,12.83,131.5,4.09,-55.5,72.47,High
561,cell_b,5,76.3,8.08,95.6,3.06,-51.3,47.31,High
562,cell_b,5,41.9,27.59,81.3,1.07,-59.9,33.33,Moderate
563,cell_b,2,12.3,33.3,20.5,0.04,-63.5,37.89,Normal
564,cell_b,5,41.3,16.31,58.9,1.54,-67.7,16.73,Moderate
565,cell_a,1,24.1,29.2,18.4,0.61,-59.7,26.6,Normal
566,cell_b,1,16.6,36.91,15.3,0.08,-56.7,30.42,Normal
567,cell_a,5,81.6,5.32,235.7,5.51,-60.9,51.65,Severe
568,cell_b,4,53.3,25.57,60.8,1.05,-56.0,31.62,Moderate
569,cell_a,1,10.3,35.97,21.5,0.32,-55.8,34.15,Normal
570,cell_b,6,63.5,13.3,137.5,4.36,-61.4,70.55,High
571,cell_a,4,42.2,18.66,60.1,1.27,-66.1,21.54,Moderate
572,cell_a,5,36.1,18.04,75.9,1.21,-63.0,20.8,Moderate
573,cell_a,1,30.1,3.63,52.3,2.59,-87.4,7.94,Moderate
574,cell_a,3,51.7,17.88,55.2,2.25,-58.0,22.53,Moderate
575,cell_b,7,66.0,9.94,114.0,4.36,-49.6,30.1,High
576,cell_a,3,37.1,19.91,62.1,1.22,-63.5,25.59,Moderate
577,cell_b,4,48.3,15.29,55.3,1.22,-62.8,18.45,Moderate
578,cell_b,1,36.2,4.26,44.5,3.16,-87.0,10.62,Moderate
579,cell_a,6,69.2,10.18,115.7,3.68,-60.6,57.89,High
580,cell_a,5,74.5,14.37,124.7,3.11,-48.2,40.57,High
581,cell_b,4,43.8,26.2,58.7,2.22,-63.3,31.47,Moderate
582,cell_a,8,66.9,6.95,128.2,3.84,-57.3,41.31,High
583,cell_a,2,11.7,42.6,44.6,0.0,-51.1,43.39,Normal
584,cell_b,3,56.7,15.6,75.1,1.51,-52.3,20.47,Moderate
585,cell_a,7,79.8,1.48,222.2,11.3,-52.9,57.53,Severe
586,cell_b,6,92.6,1.93,242.2,11.88,-61.9,68.42,Severe
587,cell_a,2,16.1,7.99,54.9,3.69,-88.4,10.3,Normal
588,cell_a,2,33.7,8.53,48.2,3.89,-84.4,7.45,Moderate
589,cell_a,3,35.1,22.72,69.2,1.88,-57.4,25.02,Moderate
590,cell_b,1,20.2,4.01,46.7,3.03,-83.0,7.72,Normal
591,cell_b,3,47.8,25.79,51.1,1.46,-54.5,33.68,Moderate
592,cell_a,2,32.2,35.02,38.1,0.16,-58.0,39.14,Normal
593,cell_b,1,22.6,32.08,25.7,0.02,-60.5,28.18,Normal
594,cell_b,3,49.9,20.84,46.7,1.21,-56.6,23.04,Moderate
595,cell_b,3,49.4,27.07,50.8,1.85,-53.8,27.81,Moderate
596,cell_a,4,54.1,16.98,70.8,1.57,-66.4,19.5,Moderate
597,cell_a,1,15.9,34.94,15.7,0.67,-53.4,41.69,Normal
598,cell_a,5,44.2,24.01,65.5,1.95,-58.6,28.18,Moderate
599,cell_a,8,63.7,10.7,116.2,2.81,-57.8,33.3,High
600,cell_b,8,61.5,8.02,118.9,3.42,-58.9,30.58,High
601,cell_b,1,26.1,36.01,34.8,0.5,-50.0,34.64,Normal
602,cell_b,2,29.4,46.42,39.5,0.04,-50.2,48.77,Normal
603,cell_b,6,83.5,3.01,189.9,14.6,-52.6,51.65,Severe
604,cell_b,1,33.9,4.44,61.7,3.76,-87.6,10.95,Moderate
605,cell_b,7,61.6,5.11,123.8,4.71,-58.7,66.87,High
606,cell_a,2,30.8,35.68,34.6,0.1,-64.4,30.4,Normal
607,cell_a,4,35.4,18.28,76.6,1.05,-62.1,22.2,Moderate
608,cell_b,1,18.7,8.47,89.5,1.91,-84.5,4.95,Normal
609,cell_b,1,14.5,29.56,23.1,0.02,-58.6,24.74,Normal
610,cell_b,6,74.7,12.19,99.9,2.57,-57.2,60.96,High
611,cell_a,5,75.1,14.68,138.4,2.6,-49.8,33.6,High
612,cell_b,3,15.8,45.84,41.0,0.72,-56.6,44.16,Normal
613,cell_b,8,66.0,10.76,118.1,3.28,-55.1,41.1,High
614,cell_a,5,52.9,27.32,84.1,1.99,-58.8,33.32,Moderate
615,cell_a,3,11.1,36.3,19.0,0.24,-56.4,40.78,Normal
616,cell_b,2,26.3,7.16,65.0,2.17,-85.1,5.23,Normal
617,cell_b,2,25.7,7.31,80.9,3.44,-86.5,8.39,Normal
618,cell_a,2,34.6,7.46,80.6,2.54,-88.7,11.36,Moderate
619,cell_b,5,47.4,26.43,61.6,1.56,-59.3,28.65,Moderate
620,cell_a,1,17.1,33.8,32.0,0.51,-60.9,28.77,Normal
621,cell_a,3,46.6,15.76,84.0,0.94,-66.0,16.88,Moderate
622,cell_a,6,69.8,8.71,109.7,3.81,-48.1,48.14,High
623,cell_a,3,50.7,23.87,74.3,1.94,-61.2,25.4,Moderate
624,cell_b,7,81.6,3.41,208.7,9.75,-56.1,51.77,Severe
625,cell_b,3,40.9,18.74,61.9,2.22,-63.9,23.9,Moderate
626,cell_b,2,15.6,47.23,43.8,0.71,-63.5,43.7,Normal
627,cell_a,5,85.5,5.19,154.1,6.56,-54.4,48.13,Severe
628,cell_b,2,11.9,28.54,21.0,0.08,-51.5,27.63,Normal
629,cell_a,3,43.0,21.45,78.4,0.93,-60.2,27.27,Moderate
630,cell_a,5,38.7,16.96,55.3,2.31,-61.6,17.88,Moderate
631,cell_b,2,29.2,41.36,33.4,0.42,-51.8,47.11,Normal
632,cell_b,2,29.7,5.99,51.1,1.24,-87.0,10.86,Normal
633,cell_a,5,39.2,24.78,83.1,1.38,-67.1,34.54,Moderate
634,cell_a,5,91.9,2.02,210.7,5.42,-60.8,71.47,Severe
635,cell_b,1,19.5,5.89,77.0,1.53,-83.7,4.98,Normal
636,cell_b,3,35.6,25.08,59.3,1.23,-63.6,33.86,Moderate
637,cell_a,1,34.9,4.99,81.1,3.84,-84.1,4.52,Moderate
638,cell_a,6,69.6,7.49,121.7,3.18,-55.0,32.59,High
639,cell_a,3,48.1,21.15,83.0,1.76,-62.8,28.32,Moderate
640,cell_a,5,48.7,27.66,71.3,1.64,-60.3,30.5,Moderate
641,cell_a,2,25.1,4.46,88.4,3.7,-84.6,7.71,Normal
642,cell_a,6,63.8,7.27,95.4,3.38,-56.4,34.65,High
643,cell_a,7,91.8,3.42,200.2,13.14,-59.2,53.17,Severe
644,cell_b,8,77.6,5.3,114.0,2.53,-52.1,30.2,High
645,cell_a,1,19.5,3.92,77.0,1.75,-83.5,10.91,Normal
646,cell_b,6,97.2,2.96,225.9,16.4,-59.9,38.29,Severe
647,cell_a,2,16.3,28.25,16.7,0.63,-54.0,27.57,Normal
648,cell_a,3,11.5,37.04,17.6,0.3,-51.7,31.51,Normal
649,cell_b,2,36.2,6.46,70.9,2.8,-85.1,7.24,Moderate
650,cell_b,3,31.1,31.97,25.5,0.73,-60.8,36.3,Normal
651,cell_a,3,48.6,20.8,67.8,0.98,-61.3,24.5,Moderate
652,cell_a,4,46.0,19.34,46.5,1.89,-56.4,20.45,Moderate
653,cell_a,3,13.6,34.9,37.9,0.19,-55.3,29.59,Normal
654,cell_b,3,40.0,27.79,67.0,1.28,-56.6,27.99,Moderate
655,cell_b,3,33.2,28.66,33.7,0.31,-64.4,27.91,Normal
656,cell_a,5,44.7,21.95,83.3,1.06,-57.2,27.51,Moderate
657,cell_b,4,55.7,24.54,51.8,1.1,-56.3,28.17,Moderate
658,cell_a,5,62.4,12.57,127.6,4.49,-58.0,50.2,High
659,cell_a,1,36.7,8.74,69.9,3.47,-85.6,7.73,Moderate
660,cell_b,7,89.6,4.25,185.7,8.03,-53.7,74.68,Severe
661,cell_a,2,26.5,7.6,63.4,2.47,-82.5,8.93,Normal
662,cell_a,4,40.0,27.48,84.0,1.26,-54.2,32.52,Moderate
663,cell_a,2,16.0,35.29,34.2,0.72,-64.4,30.44,Normal
664,cell_b,8,67.7,13.08,122.3,2.6,-58.1,49.68,High
665,cell_a,7,64.7,11.37,119.5,2.97,-52.4,64.8,High
666,cell_a,7,91.2,4.98,161.9,12.87,-55.6,66.77,Severe
667,cell_b,6,60.0,10.96,102.4,2.65,-59.4,36.4,High
668,cell_a,7,64.1,7.32,116.5,3.98,-49.6,59.73,High
669,cell_b,5,97.2,5.23,218.6,5.46,-58.1,70.08,Severe
670,cell_a,8,87.5,3.18,243.2,5.66,-51.3,63.57,Severe
671,cell_b,3,42.1,20.4,58.9,1.48,-54.4,25.18,Moderate
672,cell_a,3,21.4,43.69,38.6,0.66,-52.2,43.18,Normal
673,cell_a,5,43.4,25.06,77.4,1.47,-55.2,29.26,Moderate
674,cell_a,7,81.5,5.73,166.5,10.86,-50.1,46.2,Severe
675,cell_b,1,10.7,40.85,35.7,0.52,-60.0,42.0,Normal
676,cell_b,5,38.9,16.04,80.1,1.0,-60.1,16.12,Moderate
677,cell_b,7,69.7,13.93,136.2,4.37,-50.9,44.36,High
678,cell_a,5,92.9,5.97,157.7,15.03,-60.1,48.73,Severe
679,cell_a,2,21.5,7.15,74.2,2.37,-88.1,4.94,Normal
680,cell_a,7,69.7,7.24,93.8,4.42,-48.5,39.48,High
681,cell_a,1,10.4,39.77,41.4,0.28,-64.4,32.3,Normal
682,cell_b,3,13.0,39.99,39.8,0.16,-52.3,37.4,Normal
683,cell_b,7,60.7,13.16,110.2,4.49,-54.6,47.34,High
684,cell_b,1,35.5,6.75,57.0,2.17,-82.6,7.98,Moderate
685,cell_a,1,28.1,32.9,44.0,0.29,-63.7,30.43,Normal
686,cell_a,3,32.5,39.18,42.9,0.49,-59.2,36.88,Normal
687,cell_a,4,47.6,27.81,70.5,0.96,-55.6,32.18,Moderate
688,cell_a,1,18.7,41.66,18.7,0.38,-59.8,48.07,Normal
689,cell_b,3,22.9,44.67,29.6,0.24,-50.4,44.79,Normal
690,cell_a,2,19.7,40.96,22.2,0.7,-61.9,41.31,Normal
691,cell_a,5,85.9,4.47,249.7,5.19,-50.4,60.42,Severe
692,cell_b,3,23.4,39.26,33.0,0.11,-53.9,42.78,Normal
693,cell_a,6,85.6,2.87,217.7,7.95,-61.1,45.81,Severe
694,cell_b,5,47.7,23.83,76.8,1.62,-52.3,24.31,Moderate
695,cell_b,3,50.9,14.14,47.6,0.96,-61.3,18.67,Moderate
696,cell_a,5,39.0,23.28,77.2,1.73,-62.8,29.34,Moderate
697,cell_a,2,17.9,32.01,31.3,0.24,-65.0,28.76,Normal
698,cell_b,5,86.0,3.51,224.5,5.38,-57.9,68.35,Severe
699,cell_a,2,31.0,44.75,36.2,0.3,-64.6,41.06,Normal
700,cell_b,2,33.9,5.25,68.4,3.9,-87.5,7.9,Moderate
701,cell_a,1,16.0,7.57,64.1,3.69,-87.6,10.32,Normal
702,cell_a,6,87.7,3.68,153.2,13.28,-49.2,61.35,Severe
703,cell_b,4,44.5,14.82,65.0,1.74,-57.3,20.41,Moderate
704,cell_b,7,89.2,4.52,244.2,16.23,-55.5,31.04,Severe
705,cell_a,2,33.5,46.73,23.8,0.78,-53.4,51.02,Normal
706,cell_a,5,41.5,21.9,80.2,1.31,-56.1,28.6,Moderate
707,cell_b,5,84.9,1.79,168.1,14.96,-54.3,69.27,Severe
708,cell_b,2,26.8,6.0,87.3,2.32,-88.7,10.52,Normal
709,cell_b,3,50.9,23.13,66.7,2.18,-61.1,23.31,Moderate
710,cell_a,2,26.4,31.55,32.9,0.39,-53.8,28.79,Normal
711,cell_a,1,37.2,7.55,67.1,1.59,-84.7,8.73,Moderate
712,cell_b,6,85.7,2.51,224.0,9.3,-60.2,58.76,Severe
713,cell_a,5,44.8,19.76,76.5,1.12,-59.6,21.98,Moderate
714,cell_a,6,76.2,12.89,108.7,4.45,-51.5,39.75,High
715,cell_a,5,54.0,20.8,62.4,1.41,-59.9,22.48,Moderate
716,cell_a,2,12.9,26.94,24.4,0.02,-55.1,29.7,Normal
717,cell_a,1,25.7,3.32,77.0,3.42,-84.0,4.46,Normal
718,cell_a,3,40.2,18.44,65.4,2.03,-62.1,24.8,Moderate
719,cell_b,8,96.6,3.6,258.4,14.58,-53.5,52.58,Severe
720,cell_b,3,10.9,41.22,33.7,0.38,-63.9,45.1,Normal
721,cell_b,5,57.9,24.78,54.3,2.33,-59.4,27.89,Moderate
722,cell_b,6,61.3,8.03,104.9,4.48,-53.9,69.46,High
723,cell_b,8,72.2,12.73,109.7,4.79,-58.3,49.02,High
724,cell_a,3,39.1,21.53,71.0,1.71,-61.9,27.08,Moderate
725,cell_b,8,61.2,5.01,119.3,3.79,-54.7,33.81,High
726,cell_b,3,46.6,20.85,53.6,1.39,-56.9,21.38,Moderate
727,cell_a,6,91.7,5.21,152.0,16.11,-55.1,41.31,Severe
728,cell_b,1,25.8,44.74,32.3,0.43,-61.8,47.5,Normal
729,cell_a,3,14.0,42.57,21.5,0.7,-55.5,45.35,Normal
730,cell_a,5,42.3,20.43,75.3,0.97,-54.8,26.35,Moderate
731,cell_b,3,22.0,42.11,25.5,0.33,-54.7,33.81,Normal
732,cell_a,5,70.5,13.26,94.4,3.55,-55.5,38.96,High
733,cell_a,6,82.9,2.15,172.8,6.6,-50.3,68.8,Severe
734,cell_b,4,43.6,19.07,58.7,2.06,-53.7,19.57,Moderate
735,cell_a,2,34.6,4.23,80.8,2.18,-83.8,10.81,Moderate
736,cell_a,5,37.3,23.03,61.5,2.25,-60.5,29.23,Moderate
737,cell_a,5,53.2,14.75,81.6,1.79,-66.5,18.81,Moderate
738,cell_a,8,90.8,1.41,243.7,12.18,-50.9,47.94,Severe
739,cell_a,5,70.6,10.46,118.3,3.47,-57.5,35.2,High
740,cell_a,3,10.2,37.16,35.7,0.38,-50.2,36.06,Normal
741,cell_b,1,24.3,7.9,89.2,2.32,-86.5,10.88,Normal
742,cell_a,5,40.8,24.01,50.1,2.29,-58.4,32.22,Moderate
743,cell_a,3,19.7,28.76,24.5,0.36,-60.0,31.76,Normal
744,cell_b,1,21.6,7.6,77.9,3.01,-85.6,7.02,Normal
745,cell_b,2,12.3,30.18,27.7,0.68,-63.6,30.93,Normal
746,cell_b,2,32.3,33.1,24.7,0.49,-61.5,34.47,Normal
747,cell_b,7,74.6,8.41,119.1,3.01,-56.7,58.72,High
748,cell_a,2,17.2,8.35,68.0,2.48,-83.7,5.4,Normal
749,cell_a,6,82.0,2.98,254.1,10.57,-55.9,45.92,Severe
750,cell_a,1,21.6,5.29,76.9,3.22,-84.6,4.72,Normal
751,cell_a,6,95.5,3.24,253.7,11.6,-50.5,40.74,Severe
752,cell_a,1,16.5,34.24,44.3,0.08,-57.2,36.78,Normal
753,cell_b,4,58.0,24.46,77.3,1.66,-62.2,32.48,Moderate
754,cell_a,7,96.2,3.64,160.8,7.33,-60.5,53.61,Severe
755,cell_a,2,17.2,7.46,82.2,2.05,-87.7,7.56,Normal
756,cell_a,5,42.6,17.83,50.9,1.46,-63.7,20.68,Moderate
757,cell_b,2,17.8,32.08,32.9,0.21,-62.4,27.79,Normal
758,cell_a,3,35.4,18.45,50.2,1.48,-64.7,21.62,Moderate
759,cell_b,2,21.6,30.04,19.9,0.77,-59.6,30.38,Normal
760,cell_a,5,47.3,16.39,51.3,1.28,-61.6,19.98,Moderate
761,cell_a,1,23.7,5.68,89.9,3.0,-86.6,11.45,Normal
762,cell_a,4,51.6,18.12,53.1,1.08,-61.0,18.16,Moderate
763,cell_a,2,22.2,44.12,38.5,0.6,-61.0,39.09,Normal
764,cell_a,3,15.6,36.0,15.5,0.47,-63.8,33.39,Normal
765,cell_a,6,80.6,2.0,168.5,13.49,-48.5,73.19,Severe
766,cell_a,6,80.0,4.85,178.0,14.41,-50.1,73.41,Severe
767,cell_a,6,82.3,5.74,239.1,6.67,-59.9,47.07,Severe
768,cell_a,7,86.7,1.24,224.8,6.13,-48.9,63.78,Severe
769,cell_a,1,13.3,42.11,25.1,0.79,-55.7,50.07,Normal
770,cell_b,3,24.2,42.85,38.0,0.15,-55.9,37.07,Normal
771,cell_a,7,90.5,1.82,186.3,6.74,-59.0,58.14,Severe
772,cell_a,5,40.2,24.79,74.8,2.27,-61.8,34.28,Moderate
773,cell_b,7,67.3,7.13,138.0,4.32,-48.1,30.56,High
774,cell_b,1,22.2,34.29,37.2,0.43,-53.7,41.04,Normal
775,cell_b,1,13.2,5.83,49.4,1.18,-83.3,6.21,Normal
776,cell_b,8,86.1,5.87,258.0,7.34,-54.3,43.46,Severe
777,cell_b,4,35.9,15.12,63.2,1.84,-61.6,17.72,Moderate
778,cell_a,1,32.6,7.46,67.0,1.6,-83.7,9.11,Moderate
779,cell_b,3,12.7,36.72,26.3,0.18,-60.0,43.93,Normal
780,cell_a,3,43.8,25.18,57.5,1.05,-56.9,30.7,Moderate
781,cell_a,8,81.2,2.62,155.3,14.85,-55.1,60.03,Severe
782,cell_a,1,15.8,31.2,23.9,0.01,-53.4,29.55,Normal
783,cell_a,5,96.3,5.29,166.4,10.25,-53.0,66.59,Severe
784,cell_a,5,67.8,9.03,87.9,3.52,-48.2,44.52,High
785,cell_b,3,15.9,46.79,18.2,0.25,-57.3,46.87,Normal
786,cell_a,5,81.3,1.55,256.3,7.81,-48.5,55.89,Severe
787,cell_a,2,30.8,38.32,39.7,0.18,-61.4,45.43,Normal
788,cell_b,5,56.8,16.53,55.8,1.55,-57.4,23.1,Moderate
789,cell_a,2,16.8,36.25,30.7,0.24,-54.4,43.22,Normal
790,cell_a,5,84.5,2.89,195.5,9.08,-54.8,70.7,Severe
791,cell_a,3,11.3,25.94,32.9,0.55,-58.9,26.09,Normal
792,cell_b,6,79.5,2.48,219.5,5.88,-58.3,43.97,Severe
793,cell_a,3,32.9,45.15,20.5,0.54,-64.3,51.41,Normal
794,cell_b,2,20.5,39.31,39.2,0.49,-64.3,38.77,Normal
795,cell_b,2,22.8,46.51,17.7,0.4,-50.7,52.46,Normal
796,cell_b,5,47.8,20.43,66.8,1.16,-61.2,25.73,Moderate
797,cell_b,1,17.8,8.76,42.7,1.15,-83.9,11.61,Normal
798,cell_b,6,65.2,10.19,125.6,2.76,-51.9,45.66,High
799,cell_a,5,37.1,27.24,47.8,2.3,-56.9,33.31,Moderate
800,cell_b,5,51.9,19.89,60.8,1.44,-65.0,22.83,Moderate
801,cell_b,5,43.3,26.49,77.6,1.01,-56.3,28.73,Moderate
802,cell_a,1,25.9,7.72,61.3,1.34,-84.8,10.57,Normal
803,cell_a,3,32.3,25.95,22.9,0.65,-52.2,21.94,Normal
804,cell_a,5,49.6,15.89,59.4,1.86,-58.4,16.73,Moderate
805,cell_a,4,40.1,16.23,60.3,1.42,-62.7,16.53,Moderate
806,cell_b,2,28.7,31.33,44.3,0.8,-52.1,26.51,Normal
807,cell_b,1,11.4,42.72,41.0,0.61,-52.3,44.39,Normal
808,cell_a,5,43.6,16.45,71.0,2.31,-62.8,22.72,Moderate
809,cell_b,1,29.4,29.33,42.1,0.74,-58.0,28.25,Normal
810,cell_b,3,54.7,25.22,73.2,1.57,-53.4,33.67,Moderate
811,cell_a,1,10.9,39.61,26.7,0.71,-62.7,32.46,Normal
812,cell_b,3,41.7,21.66,57.0,1.55,-54.7,23.5,Moderate
813,cell_a,2,15.6,30.5,29.2,0.23,-60.0,30.46,Normal
814,cell_b,2,14.5,45.13,25.6,0.45,-58.7,41.14,Normal
815,cell_a,1,19.0,47.77,29.5,0.46,-60.6,49.47,Normal
816,cell_a,4,47.1,26.8,56.7,1.96,-64.7,27.13,Moderate
817,cell_a,5,72.1,7.49,106.7,3.7,-56.0,48.89,High
818,cell_b,3,26.0,39.07,38.5,0.22,-52.0,41.3,Normal
819,cell_a,4,37.5,27.09,65.8,1.61,-68.0,37.54,Moderate
820,cell_a,5,90.8,1.51,157.6,11.3,-51.7,57.99,Severe
821,cell_a,1,20.4,7.44,50.1,2.53,-87.8,6.67,Normal
822,cell_a,1,32.2,6.63,64.4,1.48,-86.8,8.84,Moderate
823,cell_a,2,20.8,3.4,70.0,3.04,-87.8,5.28,Normal
824,cell_b,8,93.9,2.74,145.8,13.37,-58.1,50.38,Severe
825,cell_b,1,33.9,8.75,42.6,3.55,-82.6,10.69,Moderate
826,cell_a,3,16.0,31.99,39.2,0.64,-59.2,31.89,Normal
827,cell_b,5,76.8,10.65,111.5,4.08,-50.7,48.58,High
828,cell_b,2,32.8,32.67,40.5,0.42,-62.4,30.87,Normal
829,cell_b,3,25.0,39.96,30.8,0.61,-56.6,38.4,Normal
830,cell_a,2,12.9,44.85,21.5,0.04,-57.5,39.83,Normal
831,cell_b,1,25.4,40.79,40.7,0.48,-57.2,47.78,Normal
832,cell_a,1,30.0,25.7,25.0,0.12,-52.6,24.74,Normal
833,cell_b,2,13.2,5.43,76.4,2.81,-88.7,6.84,Normal
834,cell_a,1,12.6,38.14,42.6,0.23,-53.0,45.7,Normal
835,cell_b,6,92.2,4.69,257.5,11.93,-56.4,49.2,Severe
836,cell_a,1,20.9,4.75,81.4,2.98,-84.3,7.25,Normal
837,cell_b,5,47.8,25.07,57.9,1.26,-54.1,27.8,Moderate
838,cell_a,5,48.5,23.66,52.5,2.05,-54.3,32.17,Moderate
839,cell_a,2,25.7,46.85,38.2,0.05,-61.8,47.12,Normal
840,cell_a,8,68.0,8.52,112.0,3.49,-57.0,31.21,High
841,cell_a,2,33.8,37.85,16.6,0.38,-55.0,43.88,Normal
842,cell_a,2,31.5,25.97,18.4,0.08,-59.8,22.47,Normal
843,cell_a,8,67.7,14.66,90.4,3.57,-55.1,61.6,High
844,cell_b,8,69.3,6.91,107.0,4.78,-59.4,52.68,High
845,cell_b,5,57.2,24.22,84.2,1.88,-59.5,31.42,Moderate
846,cell_a,5,56.4,27.03,82.2,1.93,-56.9,28.84,Moderate
847,cell_b,2,30.3,5.76,77.5,2.82,-82.4,6.4,Moderate
848,cell_a,3,25.6,32.84,18.5,0.43,-50.3,39.28,Normal
849,cell_a,2,17.7,7.07,47.4,1.09,-82.5,8.39,Normal
850,cell_a,4,40.4,17.25,54.0,1.64,-56.1,21.2,Moderate
851,cell_a,3,25.4,37.12,32.8,0.69,-59.9,35.31,Normal
852,cell_b,1,33.5,8.03,45.2,3.93,-82.2,8.78,Moderate
853,cell_a,2,32.2,40.8,39.8,0.72,-60.6,48.35,Normal
854,cell_a,8,90.8,3.48,197.4,12.57,-61.4,54.24,Severe
855,cell_a,3,15.2,27.11,31.4,0.45,-56.3,31.71,Normal
856,cell_b,4,46.9,19.8,58.0,1.1,-56.1,25.24,Moderate
857,cell_a,5,39.4,21.15,51.3,1.46,-56.8,29.41,Moderate
858,cell_b,7,97.8,2.07,151.2,8.75,-52.5,48.34,Severe
859,cell_a,6,91.5,3.78,241.1,14.2,-50.2,63.76,Severe
860,cell_b,3,54.8,22.07,49.6,2.29,-52.6,27.0,Moderate
861,cell_b,6,71.7,11.7,135.9,4.73,-48.5,30.68,High
862,cell_b,2,13.4,3.85,79.3,1.34,-87.2,10.83,Normal
863,cell_a,8,62.5,13.22,87.6,4.45,-59.6,34.36,High
864,cell_b,2,27.9,5.81,77.5,2.07,-85.1,5.96,Normal
865,cell_a,2,28.7,29.4,28.7,0.63,-56.9,32.64,Normal
866,cell_b,1,19.0,26.79,40.9,0.45,-51.6,24.99,Normal
867,cell_a,2,36.4,4.69,59.3,2.95,-88.0,8.99,Moderate
868,cell_b,3,14.4,25.61,16.3,0.47,-55.7,26.3,Normal
869,cell_a,8,77.1,11.57,111.7,3.02,-51.7,46.97,High
870,cell_b,1,21.7,39.33,25.6,0.64,-51.0,38.93,Normal
871,cell_a,2,22.9,33.76,34.8,0.03,-53.4,29.01,Normal
872,cell_b,2,21.0,5.18,41.4,1.27,-86.4,10.54,Normal
873,cell_a,5,41.1,18.62,75.1,1.53,-63.3,21.87,Moderate
874,cell_b,1,12.5,35.13,42.9,0.1,-56.8,34.0,Normal
875,cell_b,3,15.3,37.97,31.8,0.8,-62.6,32.02,Normal
876,cell_b,3,19.2,44.17,31.4,0.62,-58.8,45.31,Normal
877,cell_a,5,94.1,1.62,216.4,13.07,-51.4,65.24,Severe
878,cell_b,5,83.7,4.25,200.9,6.0,-53.3,36.0,Severe
879,cell_a,5,47.0,16.55,51.9,1.63,-58.2,21.16,Moderate
880,cell_a,6,73.1,6.48,131.7,4.06,-56.9,37.89,High
881,cell_b,3,23.1,28.74,26.8,0.43,-52.7,25.9,Normal
882,cell_a,8,80.4,2.27,191.4,12.95,-50.6,34.05,Severe
883,cell_a,1,13.7,8.47,88.5,2.2,-85.9,7.97,Normal
884,cell_b,1,19.4,3.92,40.0,2.8,-83.3,4.14,Normal
885,cell_b,3,40.2,23.09,51.1,1.51,-52.8,25.04,Moderate
886,cell_a,1,28.7,8.8,77.2,3.55,-82.0,5.35,Normal
887,cell_a,1,29.6,8.94,82.1,3.54,-82.6,9.71,Normal
888,cell_a,3,46.2,26.08,76.2,2.01,-61.3,35.69,Moderate
889,cell_a,1,21.9,44.91,23.9,0.71,-53.6,38.49,Normal
890,cell_a,2,18.7,46.96,43.9,0.72,-58.6,43.11,Normal
891,cell_a,6,92.2,4.63,187.0,13.66,-50.1,54.66,Severe
892,cell_a,2,28.0,41.65,44.6,0.45,-53.4,42.65,Normal
893,cell_b,8,88.2,4.26,209.1,15.16,-58.3,55.61,Severe
894,cell_b,4,53.2,24.8,67.1,1.11,-61.2,32.73,Moderate
895,cell_a,3,52.8,23.12,48.5,2.28,-62.7,29.7,Moderate
896,cell_b,6,93.9,4.77,206.2,8.71,-50.1,43.0,Severe
897,cell_b,2,14.4,25.53,18.5,0.19,-53.8,27.07,Normal
898,cell_a,1,22.5,8.19,61.9,2.91,-83.4,4.61,Normal
899,cell_b,7,84.2,5.96,154.8,15.25,-48.5,55.55,Severe
900,cell_a,2,22.6,26.0,39.4,0.31,-58.6,22.0,Normal
901,cell_b,3,52.9,14.21,70.4,0.94,-67.7,14.93,Moderate
902,cell_b,3,32.5,36.91,34.3,0.16,-59.0,42.58,Normal
903,cell_b,5,68.9,9.54,86.4,4.79,-59.8,69.33,High
904,cell_b,2,21.9,4.71,82.5,3.14,-89.0,5.54,Normal
905,cell_a,5,35.6,16.18,50.7,1.24,-60.9,20.31,Moderate
906,cell_a,5,46.5,20.98,73.3,1.9,-60.5,21.04,Moderate
907,cell_b,2,14.7,27.51,25.8,0.37,-54.6,25.74,Normal
908,cell_b,1,25.2,8.86,60.1,3.94,-88.2,6.09,Normal
909,cell_a,1,28.1,3.45,86.5,1.25,-86.9,5.26,Normal
910,cell_a,6,70.4,8.94,110.0,3.59,-51.5,36.1,High
911,cell_a,3,20.1,34.54,18.0,0.04,-50.5,28.79,Normal
912,cell_a,3,43.6,15.87,70.9,1.64,-58.4,17.12,Moderate
913,cell_a,5,71.0,7.14,109.3,3.52,-48.2,69.18,High
914,cell_b,2,14.9,37.2,24.0,0.15,-57.5,37.5,Normal
915,cell_a,3,12.5,28.75,44.6,0.27,-59.8,24.45,Normal
916,cell_b,5,49.5,19.79,55.4,1.97,-61.5,20.11,Moderate
917,cell_b,3,16.8,30.93,26.1,0.14,-64.8,31.19,Normal
918,cell_b,8,64.3,9.35,136.7,3.79,-48.8,62.92,High
919,cell_a,3,15.5,42.35,17.0,0.2,-60.9,39.77,Normal
920,cell_b,1,30.0,36.86,23.6,0.28,-60.5,37.65,Normal
921,cell_b,1,30.7,4.42,59.9,2.64,-82.8,4.46,Moderate
922,cell_b,4,41.3,26.62,73.4,1.81,-54.4,31.43,Moderate
923,cell_b,1,14.5,39.89,29.6,0.77,-59.9,37.83,Normal
924,cell_a,3,42.2,14.8,75.6,1.76,-58.2,19.56,Moderate
925,cell_b,3,11.3,40.11,20.3,0.12,-64.6,33.48,Normal
926,cell_b,8,72.5,13.14,115.3,3.13,-52.5,48.86,High
927,cell_a,5,37.3,14.76,60.5,2.18,-58.4,18.03,Moderate
928,cell_b,7,67.9,5.2,131.7,4.63,-49.1,62.56,High
929,cell_a,6,82.6,3.78,164.4,8.8,-50.6,71.12,Severe
930,cell_b,5,66.8,5.96,98.0,4.56,-61.3,60.35,High
931,cell_b,5,85.2,5.65,186.6,8.98,-61.5,73.66,Severe
932,cell_b,3,31.1,47.43,24.8,0.12,-59.3,40.23,Normal
933,cell_a,5,87.9,5.66,251.0,15.79,-48.1,62.14,Severe
934,cell_b,2,16.6,3.97,62.7,3.41,-84.7,5.35,Normal
935,cell_b,3,15.8,34.28,31.9,0.18,-64.8,29.62,Normal
936,cell_a,1,36.0,4.31,41.5,3.76,-83.9,8.77,Moderate
937,cell_a,7,80.9,4.13,176.9,16.47,-52.8,57.81,Severe
938,cell_b,3,28.9,46.13,27.7,0.44,-61.0,50.55,Normal
939,cell_b,2,13.9,47.96,30.3,0.56,-60.4,50.27,Normal
940,cell_b,8,88.8,3.4,254.2,15.55,-54.7,68.33,Severe
941,cell_b,5,63.0,11.59,124.5,4.58,-48.9,36.54,High
942,cell_a,6,91.1,3.97,163.5,16.05,-57.4,68.54,Severe
943,cell_a,4,50.8,17.76,72.5,2.08,-67.7,23.48,Moderate
944,cell_a,5,48.3,21.38,52.9,2.13,-52.2,27.14,Moderate
945,cell_b,5,64.1,13.16,88.1,4.69,-52.2,56.73,High
946,cell_a,3,21.8,45.95,15.9,0.77,-63.9,49.47,Normal
947,cell_b,2,18.2,5.6,83.9,3.16,-82.5,6.93,Normal
948,cell_a,7,60.3,14.19,87.0,3.09,-51.9,50.79,High
949,cell_b,8,68.1,6.1,139.5,3.3,-52.0,61.55,High
950,cell_b,2,25.4,4.95,74.2,3.48,-85.5,7.02,Normal
951,cell_a,3,21.5,30.26,43.4,0.26,-55.3,32.03,Normal
952,cell_b,4,36.9,24.26,51.3,1.98,-54.7,28.48,Moderate
953,cell_a,2,22.2,8.17,63.9,2.61,-83.2,6.41,Normal
954,cell_a,2,13.5,35.36,26.8,0.17,-60.0,29.43,Normal
955,cell_b,6,74.4,11.24,117.2,4.05,-54.5,37.61,High
956,cell_b,3,24.9,25.06,26.1,0.54,-58.1,21.99,Normal
957,cell_a,2,16.5,25.13,23.3,0.13,-51.0,26.31,Normal
958,cell_b,1,32.5,44.65,21.5,0.56,-61.9,47.22,Normal
959,cell_a,4,51.7,16.25,54.8,1.66,-61.4,20.12,Moderate
960,cell_a,5,89.1,1.35,242.1,7.33,-59.5,40.16,Severe
961,cell_a,3,13.5,28.75,42.6,0.37,-55.3,26.2,Normal
962,cell_a,4,45.7,22.91,53.5,1.31,-54.1,31.3,Moderate
963,cell_b,3,27.0,31.59,36.5,0.44,-57.8,34.58,Normal
964,cell_b,3,15.9,34.14,41.7,0.17,-64.1,35.1,Normal
965,cell_b,2,16.2,31.96,23.7,0.24,-61.1,34.61,Normal
966,cell_b,3,15.6,38.74,21.4,0.16,-60.6,36.18,Normal
967,cell_b,1,33.7,30.99,35.9,0.14,-52.2,31.06,Normal
968,cell_b,6,61.9,5.26,113.0,4.28,-49.2,48.77,High
969,cell_b,3,19.8,36.05,39.4,0.6,-54.7,29.7,Normal
970,cell_b,4,48.4,27.56,76.9,2.36,-56.6,37.99,Moderate
971,cell_b,1,13.5,32.53,22.4,0.58,-59.5,30.63,Normal
972,cell_a,2,20.5,32.02,34.6,0.45,-57.4,32.86,Normal
973,cell_a,2,25.1,32.76,41.6,0.32,-57.6,32.13,Normal
974,cell_a,1,23.9,8.55,73.2,1.72,-83.9,6.44,Normal
975,cell_b,3,44.7,22.26,53.3,1.57,-64.8,28.68,Moderate
976,cell_b,3,10.3,42.3,36.6,0.15,-54.4,46.26,Normal
977,cell_b,1,13.7,38.54,16.5,0.14,-62.9,41.89,Normal
978,cell_b,1,24.0,33.03,25.3,0.75,-52.4,34.14,Normal
979,cell_a,6,64.2,12.01,99.7,4.66,-56.7,31.29,High
980,cell_b,5,44.7,23.34,46.8,1.11,-60.1,24.33,Moderate
981,cell_b,5,91.2,1.85,208.7,12.17,-48.8,61.85,Severe
982,cell_b,1,14.3,35.2,15.1,0.54,-57.6,34.4,Normal
983,cell_b,5,50.1,19.48,72.0,1.26,-60.9,21.4,Moderate
984,cell_b,1,21.0,37.77,44.4,0.74,-62.7,34.22,Normal
985,cell_a,5,42.5,23.47,65.2,1.33,-52.1,26.52,Moderate
986,cell_b,2,29.9,31.48,31.6,0.62,-55.8,36.92,Normal
987,cell_a,2,11.4,36.54,34.6,0.36,-59.7,38.26,Normal
988,cell_a,2,25.9,36.37,40.0,0.5,-62.4,30.24,Normal
989,cell_b,3,25.2,43.52,23.2,0.3,-61.8,42.87,Normal
990,cell_b,3,25.9,33.56,36.6,0.72,-51.9,31.59,Normal
991,cell_a,5,46.6,15.45,52.8,1.95,-54.0,17.28,Moderate
992,cell_a,4,42.5,19.34,56.9,1.11,-67.0,23.57,Moderate
993,cell_a,8,96.8,4.32,194.0,8.24,-59.0,53.65,Severe
994,cell_a,3,54.6,26.89,76.0,1.05,-67.2,34.72,Moderate
995,cell_a,5,42.9,19.63,66.0,1.08,-57.2,23.73,Moderate
996,cell_b,2,21.1,45.66,39.2,0.04,-60.1,39.08,Normal
997,cell_a,5,72.9,9.89,109.0,2.81,-58.7,68.75,High
998,cell_a,4,46.6,26.73,69.2,0.99,-59.9,35.33,Moderate
999,cell_b,3,56.4,18.5,72.8,1.58,-66.3,21.02,Moderate
1000,cell_b,2,23.7,6.69,47.8,4.0,-82.5,9.57,Normal
1001,cell_b,3,44.4,14.15,48.0,0.95,-56.6,17.98,Moderate
1002,cell_a,2,12.4,35.6,42.0,0.27,-53.5,29.21,Normal
1003,cell_b,7,94.4,1.88,163.1,12.21,-49.1,38.04,Severe
1004,cell_b,1,35.6,5.4,54.6,2.57,-86.6,6.84,Moderate
1005,cell_a,7,88.2,3.99,248.6,15.75,-50.1,60.02,Severe
1006,cell_b,3,41.4,23.85,64.2,0.97,-65.0,25.37,Moderate
1007,cell_a,2,33.7,30.98,18.0,0.55,-57.6,37.0,Normal
1008,cell_a,1,18.9,30.23,30.8,0.1,-63.6,25.75,Normal
1009,cell_a,1,36.0,6.8,64.7,2.88,-88.8,11.54,Moderate
1010,cell_b,5,47.0,21.5,58.0,1.63,-66.8,26.12,Moderate
1011,cell_b,8,77.7,9.34,102.3,3.22,-54.6,71.59,High
1012,cell_b,2,12.4,46.88,17.0,0.61,-62.9,52.31,Normal
1013,cell_a,2,18.6,38.85,17.6,0.04,-61.9,32.6,Normal
1014,cell_b,3,37.5,27.77,52.2,0.93,-64.8,36.17,Moderate
1015,cell_a,1,26.9,34.37,44.6,0.21,-57.7,36.93,Normal
1016,cell_a,3,15.6,33.78,16.4,0.53,-62.3,34.32,Normal
1017,cell_a,3,54.6,20.0,46.8,1.21,-53.3,22.0,Moderate
1018,cell_a,7,71.4,13.83,133.6,4.45,-59.9,48.06,High
1019,cell_a,5,89.9,4.51,230.3,13.01,-53.6,48.3,Severe
1020,cell_a,5,48.5,19.38,52.6,1.9,-62.9,20.69,Moderate
1021,cell_a,4,44.0,23.12,63.8,0.91,-53.2,25.0,Moderate
1022,cell_a,8,76.5,13.49,130.3,4.19,-59.2,32.21,High
1023,cell_b,2,23.3,4.13,77.3,3.05,-85.2,4.15,Normal
1024,cell_a,2,20.6,44.03,28.7,0.59,-61.0,39.62,Normal
1025,cell_a,4,54.6,17.24,79.4,2.11,-65.1,22.62,Moderate
1026,cell_b,1,37.2,8.61,75.6,1.82,-82.9,4.39,Moderate
1027,cell_a,5,56.5,19.67,58.6,1.22,-59.4,21.91,Moderate
1028,cell_b,7,81.4,3.11,202.4,13.47,-48.5,52.32,Severe
1029,cell_a,5,40.3,23.94,72.1,1.21,-54.7,25.44,Moderate
1030,cell_a,5,38.7,27.22,84.3,1.95,-52.7,29.02,Moderate
1031,cell_a,5,56.8,23.87,62.6,1.21,-57.2,32.83,Moderate
1032,cell_b,6,83.9,4.39,227.5,16.07,-60.6,42.78,Severe
1033,cell_b,2,21.4,36.08,36.5,0.11,-58.7,42.87,Normal
1034,cell_b,1,26.0,8.28,88.0,1.86,-82.7,6.92,Normal
1035,cell_b,1,28.7,27.42,43.3,0.08,-56.3,32.1,Normal
1036,cell_a,7,80.7,2.28,239.0,10.71,-59.0,61.94,Severe
1037,cell_b,3,19.0,41.2,25.8,0.78,-52.8,48.67,Normal
1038,cell_a,5,38.7,18.82,70.9,1.2,-56.8,26.32,Moderate
1039,cell_b,2,29.4,43.18,24.8,0.47,-54.4,35.4,Normal
1040,cell_b,8,62.3,5.76,103.1,4.28,-57.9,49.42,High
1041,cell_b,5,48.3,17.22,63.2,1.59,-58.6,18.43,Moderate
1042,cell_b,2,37.9,5.43,68.8,2.49,-82.7,9.61,Moderate
1043,cell_b,1,36.7,8.93,79.6,1.92,-83.1,6.13,Moderate
1044,cell_b,1,14.6,36.2,34.6,0.69,-57.7,42.39,Normal
1045,cell_a,5,54.1,17.04,56.1,1.65,-56.1,19.2,Moderate
1046,cell_a,5,41.8,21.09,72.2,1.77,-59.1,27.81,Moderate
1047,cell_a,8,96.7,1.59,218.7,13.71,-58.9,41.16,Severe
1048,cell_a,2,35.4,3.59,87.0,3.71,-82.5,7.68,Moderate
1049,cell_a,3,36.9,24.07,60.2,1.81,-60.6,30.8,Moderate
1050,cell_a,4,46.6,24.85,76.7,2.15,-55.7,25.23,Moderate
1051,cell_b,8,71.7,14.02,112.2,3.03,-57.4,69.28,High
1052,cell_a,5,53.1,20.71,51.0,1.52,-56.9,24.81,Moderate
1053,cell_a,7,61.9,10.02,132.6,3.82,-55.6,30.37,High
1054,cell_b,8,84.3,1.54,175.1,13.46,-53.7,73.84,Severe
1055,cell_b,3,26.1,36.44,17.4,0.46,-64.0,41.4,Normal
1056,cell_a,1,34.1,4.42,76.2,2.01,-85.8,9.34,Moderate
1057,cell_a,1,11.2,34.26,23.1,0.41,-54.4,31.07,Normal
1058,cell_b,7,80.5,4.1,235.8,7.08,-61.8,44.81,Severe
1059,cell_a,4,40.7,25.67,67.8,1.96,-63.4,32.84,Moderate
1060,cell_a,1,33.4,46.93,35.5,0.08,-64.1,38.66,Normal
1061,cell_b,6,95.0,1.58,168.5,7.22,-48.9,49.07,Severe
1062,cell_b,2,10.7,44.67,17.7,0.09,-62.4,37.6,Normal
1063,cell_a,1,27.9,35.57,21.8,0.07,-53.0,39.56,Normal
1064,cell_b,3,30.0,36.06,44.7,0.09,-61.0,29.07,Normal
1065,cell_a,1,32.2,37.06,34.0,0.35,-62.6,35.77,Normal
1066,cell_b,1,24.1,46.63,29.1,0.45,-59.0,44.2,Normal
1067,cell_b,6,63.9,12.42,125.6,4.08,-50.0,67.26,High
1068,cell_b,6,67.2,11.82,91.3,2.87,-61.6,53.88,High
1069,cell_a,2,33.3,34.67,16.7,0.13,-53.2,32.26,Normal
1070,cell_b,4,54.5,27.89,54.7,0.99,-61.2,36.87,Moderate
1071,cell_b,7,63.3,12.39,98.5,3.43,-60.9,69.98,High
1072,cell_a,4,56.6,22.53,69.5,1.95,-55.6,24.94,Moderate
1073,cell_b,8,86.6,1.34,213.8,7.81,-59.1,30.59,Severe
1074,cell_b,5,44.4,22.62,62.7,2.08,-67.5,29.68,Moderate
1075,cell_a,5,89.4,3.96,148.4,10.77,-60.3,53.52,Severe
1076,cell_b,2,27.7,27.74,17.6,0.54,-56.7,27.5,Normal
1077,cell_a,3,13.7,31.39,24.0,0.24,-53.2,31.65,Normal
1078,cell_a,2,16.5,8.56,49.9,3.55,-83.3,8.78,Normal
1079,cell_a,2,27.1,8.93,83.3,3.94,-86.1,7.37,Normal
1080,cell_a,4,36.7,14.22,72.0,1.97,-67.8,17.76,Moderate
1081,cell_a,7,97.9,3.39,146.9,14.6,-48.3,40.86,Severe
1082,cell_b,2,14.7,4.91,67.0,2.87,-88.2,6.66,Normal
1083,cell_a,2,24.2,8.11,66.9,2.87,-88.1,7.12,Normal
1084,cell_a,2,31.3,40.68,27.3,0.01,-59.0,40.54,Normal
1085,cell_a,6,89.8,3.52,149.3,6.66,-58.4,42.73,Severe
1086,cell_b,3,16.3,32.24,25.5,0.07,-64.3,30.96,Normal
1087,cell_b,2,31.3,44.68,29.9,0.31,-61.7,42.76,Normal
1088,cell_b,7,68.0,6.99,106.2,2.62,-59.2,62.46,High
1089,cell_b,3,22.0,42.52,26.6,0.45,-50.9,46.47,Normal
1090,cell_a,8,86.2,5.74,188.7,8.78,-60.9,69.02,Severe
1091,cell_b,1,13.8,5.61,71.1,1.92,-84.7,11.4,Normal
1092,cell_b,3,32.0,40.17,27.7,0.24,-53.1,38.84,Normal
1093,cell_a,3,57.2,15.24,84.3,1.75,-59.3,15.82,Moderate
1094,cell_a,2,12.3,34.04,16.0,0.68,-57.8,34.68,Normal
1095,cell_b,1,27.8,35.0,37.1,0.11,-64.2,41.88,Normal
1096,cell_a,1,27.5,4.31,76.0,3.19,-85.0,8.64,Normal
1097,cell_b,5,88.5,2.21,175.1,8.99,-52.5,62.77,Severe
1098,cell_b,3,46.2,26.37,50.6,1.51,-62.0,29.05,Moderate
1099,cell_a,5,76.0,14.08,122.0,4.53,-57.6,36.71,High
1100,cell_b,2,23.2,8.8,50.9,1.93,-83.0,6.94,Normal
1101,cell_b,1,10.9,37.48,33.9,0.47,-51.7,36.84,Normal
1102,cell_a,3,28.1,45.56,39.1,0.49,-60.6,40.6,Normal
1103,cell_b,1,19.6,31.21,25.1,0.68,-61.4,31.44,Normal
1104,cell_b,5,60.6,8.95,128.2,3.09,-54.6,69.55,High
1105,cell_a,3,38.7,15.54,63.0,1.22,-58.5,17.37,Moderate
1106,cell_a,7,81.5,2.04,209.9,11.16,-57.0,51.23,Severe
1107,cell_a,3,33.3,31.31,37.2,0.1,-56.8,34.79,Normal
1108,cell_b,1,12.1,43.7,43.8,0.5,-61.9,49.1,Normal
1109,cell_a,7,90.4,4.49,174.1,15.98,-53.5,57.44,Severe
1110,cell_b,3,28.3,38.59,32.2,0.29,-60.4,35.18,Normal
1111,cell_a,5,85.6,5.13,165.1,6.14,-49.5,33.6,Severe
1112,cell_b,8,68.8,13.15,128.2,4.6,-50.5,46.2,High
1113,cell_b,5,47.4,23.58,56.8,2.01,-58.9,32.56,Moderate
1114,cell_a,5,64.5,6.62,129.1,3.76,-57.1,67.37,High
1115,cell_a,5,95.4,3.34,185.0,6.94,-55.9,31.75,Severe
1116,cell_a,5,55.8,20.61,63.0,1.69,-62.5,21.95,Moderate
1117,cell_a,2,24.6,27.36,41.9,0.14,-59.7,30.03,Normal
1118,cell_a,5,36.8,18.08,84.1,1.43,-53.3,24.35,Moderate
1119,cell_a,3,35.1,18.79,81.3,1.04,-61.9,26.28,Moderate
1120,cell_a,3,39.3,18.78,71.2,1.12,-52.4,19.1,Moderate
1121,cell_b,3,36.6,15.16,54.8,2.27,-64.9,20.24,Moderate
1122,cell_a,3,46.3,22.01,61.8,1.3,-65.1,26.44,Moderate
1123,cell_a,4,35.0,21.15,47.1,1.5,-54.8,22.56,Moderate
1124,cell_b,1,31.4,39.34,37.5,0.32,-59.9,44.45,Normal
1125,cell_a,3,18.9,47.39,42.4,0.17,-52.4,39.94,Normal
1126,cell_a,1,32.0,32.59,17.4,0.17,-51.0,34.88,Normal
1127,cell_a,3,10.0,47.28,15.4,0.03,-52.9,45.13,Normal
1128,cell_b,7,73.6,7.32,114.4,4.46,-57.2,61.6,High
1129,cell_a,2,26.6,47.84,31.0,0.52,-57.6,41.39,Normal
1130,cell_b,6,60.0,12.47,98.3,4.31,-49.4,36.82,High
1131,cell_a,7,69.3,8.48,123.8,2.54,-61.0,36.96,High
1132,cell_b,2,11.2,46.83,41.3,0.79,-62.5,39.8,Normal
1133,cell_b,1,17.6,47.49,41.3,0.23,-52.7,52.98,Normal
1134,cell_b,2,12.2,5.74,50.3,2.35,-88.6,6.26,Normal
1135,cell_a,5,79.9,1.65,165.9,14.9,-49.1,39.24,Severe
1136,cell_b,2,13.1,5.67,53.5,2.77,-86.2,6.73,Normal
1137,cell_b,5,47.1,22.31,77.8,1.54,-66.4,27.91,Moderate
1138,cell_b,3,42.3,23.94,67.8,1.88,-57.9,30.21,Moderate
1139,cell_b,4,54.3,24.53,46.9,2.22,-62.0,26.38,Moderate
1140,cell_b,4,35.5,22.33,63.2,1.46,-56.4,23.2,Moderate
1141,cell_b,3,24.6,35.42,30.3,0.23,-56.7,34.85,Normal
1142,cell_b,8,63.3,6.74,98.8,3.99,-53.6,70.93,High
1143,cell_a,8,72.3,6.41,136.1,3.6,-49.3,53.82,High
1144,cell_a,8,66.3,7.82,89.6,2.79,-60.8,54.6,High
1145,cell_b,2,32.6,44.23,23.9,0.26,-51.0,45.7,Normal
1146,cell_b,3,23.3,46.67,28.1,0.05,-50.4,51.96,Normal
1147,cell_a,3,14.6,37.41,21.6,0.79,-57.6,40.9,Normal
1148,cell_a,1,35.5,3.84,71.7,2.03,-84.1,11.42,Moderate
1149,cell_a,3,42.2,16.1,48.3,2.09,-62.8,17.95,Moderate
1150,cell_a,3,26.9,30.48,26.0,0.62,-54.4,34.45,Normal
1151,cell_b,2,28.0,5.2,67.8,1.21,-86.3,6.73,Normal
1152,cell_b,5,41.3,22.69,82.8,1.45,-64.8,23.44,Moderate
1153,cell_b,6,95.2,2.82,158.9,6.7,-52.1,50.79,Severe
1154,cell_a,2,22.0,34.04,32.7,0.06,-53.9,38.57,Normal
1155,cell_b,4,38.4,27.63,62.2,2.37,-60.9,33.9,Moderate
1156,cell_a,1,17.4,44.28,17.1,0.37,-52.2,47.95,Normal
1157,cell_a,4,37.2,26.02,81.7,1.12,-56.0,35.13,Moderate
1158,cell_b,3,44.1,19.78,73.1,1.31,-55.9,26.39,Moderate
1159,cell_b,6,70.1,5.06,105.1,3.93,-50.5,49.7,High
1160,cell_b,8,68.5,5.49,98.2,2.82,-53.4,42.68,High
1161,cell_b,5,82.9,2.05,184.5,10.85,-49.1,62.39,Severe
1162,cell_b,3,40.2,24.27,47.3,1.95,-54.4,32.65,Moderate
1163,cell_b,3,20.9,44.01,34.3,0.54,-53.3,46.65,Normal
1164,cell_b,3,21.0,28.87,17.7,0.03,-58.5,31.97,Normal
1165,cell_b,7,63.6,8.12,87.1,4.04,-53.5,63.51,High
1166,cell_b,5,38.0,26.29,59.0,2.35,-55.9,30.05,Moderate
1167,cell_b,2,26.7,43.33,15.3,0.32,-52.2,37.44,Normal
1168,cell_a,1,32.9,28.34,22.9,0.2,-54.1,23.88,Normal
1169,cell_b,6,70.1,9.66,99.1,2.56,-55.0,48.37,High
1170,cell_a,2,37.4,5.14,60.2,1.74,-86.7,4.29,Moderate
1171,cell_a,4,49.2,14.51,70.9,1.06,-54.5,16.12,Moderate
1172,cell_a,2,32.4,40.08,26.2,0.73,-63.7,44.11,Normal
1173,cell_a,4,57.9,24.97,75.8,1.74,-55.3,29.72,Moderate
1174,cell_b,5,40.9,27.39,57.3,1.74,-57.6,29.49,Moderate
1175,cell_b,7,62.8,13.06,124.0,2.66,-59.5,43.98,High
1176,cell_b,3,54.1,26.69,65.7,2.08,-67.6,26.71,Moderate
1177,cell_a,1,14.6,32.06,43.9,0.44,-60.7,25.84,Normal
1178,cell_b,5,48.2,20.22,67.5,1.4,-55.4,25.1,Moderate
1179,cell_b,2,21.9,4.97,41.6,1.45,-85.8,4.06,Normal
1180,cell_b,2,17.2,40.72,36.3,0.65,-51.8,35.51,Normal
1181,cell_b,2,25.9,8.03,84.1,2.75,-86.9,4.22,Normal
1182,cell_a,1,36.1,4.19,73.2,2.61,-84.8,8.7,Moderate
1183,cell_b,2,25.5,42.79,34.2,0.62,-64.1,35.65,Normal
1184,cell_b,7,62.9,10.04,105.7,4.21,-56.3,39.5,High
1185,cell_b,5,46.8,17.43,75.8,1.99,-60.9,22.85,Moderate
1186,cell_a,5,75.5,13.66,120.9,4.28,-53.7,62.55,High
1187,cell_b,8,70.0,9.9,93.3,4.52,-50.4,59.02,High
1188,cell_b,8,62.2,10.9,133.3,3.56,-52.9,63.66,High
1189,cell_b,7,81.4,1.63,190.9,5.32,-50.0,63.92,Severe
1190,cell_a,1,28.4,27.17,40.7,0.64,-63.6,26.07,Normal
1191,cell_a,4,43.9,24.14,81.4,1.38,-67.9,25.85,Moderate
1192,cell_a,2,23.7,38.84,42.1,0.55,-64.6,32.37,Normal
1193,cell_a,1,27.9,36.96,29.6,0.46,-55.9,41.1,Normal
1194,cell_b,7,67.4,13.13,127.7,4.56,-54.4,53.19,High
1195,cell_a,2,19.6,36.4,21.8,0.63,-50.3,38.91,Normal
1196,cell_b,5,79.5,3.71,172.3,9.86,-58.3,74.07,Severe
1197,cell_b,4,48.5,24.03,82.6,1.51,-56.6,31.2,Moderate
1198,cell_a,2,14.7,43.15,16.9,0.78,-61.6,38.65,Normal
1199,cell_a,4,41.6,25.67,48.9,1.57,-65.1,35.5,Moderate
1200,cell_a,3,54.5,24.43,69.4,1.39,-57.3,32.77,Moderate
